#,BGA Name,ID,Rating
1,Bsyragb,95699396,2158
2,Darcelmaw,93481498,2117
3,JDansp,94308984,2057
4,Sanctuary L,92928466,2043
5,dwarvintime,94276826,2040
6,sorryimlikethis,86346298,2036
7,Duci9,94929538,2032
8,electrolled,95115352,2031
9,nikonikosmile,93049325,2028
10,daipengyou,84382806,2027
11,nikoniiiii,96036684,2027
12,human_light,92255273,2012
13,nimoac,84658502,2000
14,chun121,96103223,1998
15,wanggt,94206331,1996
16,Tsong Chen,94423370,1991
17,BDWSSBB,93599262,1990
18,Brian Boitano,94409684,1980
19,duyanhcao,82653384,1968
20,rudaZz,94569606,1967
21,umegf,84727173,1965
22,simmadim,86220185,1961
23,asdswsxs,88983874,1956
24,Biubangboom,93368684,1955
25,lianhaoyu,91091997,1953
26,Aluap Tsai,95130340,1951
27,seyjen,93810961,1948
28,yunge11,94315627,1947
29,kanna271828,90795876,1947
30,Nemesis_zc,95688171,1943
31,Squid2Boogaloo,95494505,1942
32,OldOstrich,95028235,1939
33,e-p-e,93935990,1938
34,Dr4gonWu,93140233,1935
35,M_kk_k,93584459,1934
36,Laudanova,94430947,1932
37,yokiesH,93108565,1932
38,hardtounderstand,95740428,1924
39,Gamingpine,90000970,1924
40,portgard,83927465,1922
41,justplaynosay1,93937213,1922
42,Doburoi,84038972,1917
43,StromSpirit,93992210,1916
44,ViciousCyclist,89020074,1913
45,lx_xlO--lo_oQl,94358490,1911
46,adysk,84503166,1911
47,T4NGz,93993331,1910
48,chengzi9898,95625344,1908
49,Guerilla Gorilla,95840729,1907
50,DootGongEnjoyer,95821820,1907
51,Zuzannatuba,95583970,1905
52,Ritter Karottelot,95965244,1904
53,LightPTO,84702787,1903
54,AdamHorton,83877945,1901
55,Little Black Rabbit,95458606,1901
56,Wolf Ren,92800174,1901
57,SirL,87238474,1900
58,citazn,95426807,1899
59,potato mines,96037337,1898
60,Joooooshuee,88237026,1897
61,oneswordmantis,94472228,1896
62,joon0sung,90321781,1895
63,yunfeiyang90,92674329,1894
64,Szymke,96179100,1894
65,PectoralisM,95546867,1893
66,ploper155,94731772,1893
67,Hongryfox,95920194,1891
68,Leon Jing,95678978,1891
69,LEOMessY10,95451879,1891
70,Enotingyi,93975261,1890
71,dmannaioni,94540164,1890
72,Kyshantry,84033406,1889
73,ss-uuz,94441741,1889
74,worldpeaceeeee,94619221,1888
75,Linox1206,85576217,1887
76,uvw025,95877544,1887
77,makamaru,84320942,1886
78,ichinoseharu,93147862,1883
79,riptorius,93293963,1882
80,EEEch0es,94773861,1879
81,dreamreader,91088252,1878
82,coolsunday,84864189,1877
83,ArtEntre,88207269,1877
84,SunYork,89979818,1875
85,DugongEnjoyer,95424407,1875
86,nikozzhw,95277568,1874
87,halailai,95753746,1873
88,gtq222,95882114,1873
89,Nemoses,90842825,1872
90,Zheng,30574650,1872
91,boomorava,94667924,1871
92,ThreadPacifist,88368905,1871
93,Bushin malvado,95373991,1870
94,bartvk1,94117069,1869
95,amitlevi45,94077627,1869
96,Davylong,86761110,1868
97,Propaganda Panda,94936862,1868
98,huanggaoang,95419239,1868
99,dongdongz,93101083,1866
100,Tharsis15731,94796767,1865
101,blueboat9,92440453,1865
102,SQR_PI,94409075,1864
103,MajimaOne,91858253,1863
104,hardyzhao,92147740,1863
105,biggetje,83994342,1861
106,Golven,87614886,1861
107,ScientistOmni,90480114,1858
108,shengxiao,95453044,1858
109,MONPQ,94421739,1856
110,HeBwater,95274489,1856
111,danitake,90017334,1856
112,KuvjanT,95284929,1856
113,saki7788,93586059,1856
114,GBaoJunewZ,94461824,1855
115,TonyBegonia,91640596,1855
116,Lisu192,94120918,1854
117,giraffe_hannah,94077672,1854
118,tengjiaoyusb,95963694,1854
119,hj1025,94719277,1854
120,Sa-tou,91540369,1853
121,yuigahama1997,94526179,1853
122,PipSqu3ak,94828315,1853
123,QBert,2658233,1852
124,Yorshka_02,91395491,1852
125,Paju_,93885418,1850
126,Stan2137,89587860,1850
127,Yohan06,91158844,1849
128,DaDaDaTou,85123309,1848
129,f beef rice,94334051,1847
130,gamez shuffler,90749143,1845
131,Superbowl Peafowl,93599764,1844
132,007Br,90161849,1843
133,Merlinjz,95048086,1842
134,1998KR2019IAN,91110025,1841
135,banbeijiu,95382085,1841
136,ALICE012,94544221,1841
137,Willjo22,88982662,1839
138,invoke,84062956,1839
139,sunliang,95077026,1839
140,moromi115,87165810,1839
141,ceejaex,87105665,1839
142,chomkrengkrai,84432648,1838
143,Irui123,95254017,1838
144,Daanotkle,96083604,1838
145,lha123com,30652433,1837
146,Mikumiku39miku,94096869,1837
147,CrazyPenguinGUAN,93563465,1837
148,Thornvalley,93322704,1837
149,BaseSig,3936472,1836
150,sssTea,84316658,1836
151,AloneInTheRain,93696406,1835
152,jan dc,86016907,1835
153,Tabouret2,90346973,1835
154,xiaopengyou,85072549,1834
155,pipi8976,83919399,1833
156,hipalmer,92971061,1831
157,UziQAQ,94604710,1830
158,Mostrom,94827315,1830
159,rezett,85447129,1830
160,forever_dream1,95983926,1829
161,njk670,96161124,1829
162,TiamatUA,84277005,1828
163,Blyb,93875195,1828
164,BlanketAddict,90278947,1827
165,calvaria,84401152,1827
166,DorangKong,95076991,1826
167,strange radish,92879266,1826
168,-_______________-,91255895,1826
169,bilibalaboom,91795917,1826
170,arf999,83933747,1825
171,ttbb,94350227,1824
172,2win9,94328850,1824
173,Renan112,95881415,1824
174,Momo_Didi,84967593,1823
175,Emu4Life,96127007,1823
176,KongDoRang,95823664,1822
177,GiiNN,92487233,1822
178,v6getab1e,95689571,1822
179,Matt0623,92777397,1822
180,Luciddream08,94532497,1821
181,SlyofJuly,95774619,1821
182,Kawnstie,95032053,1820
183,davidb9,84441130,1820
184,tobiko11,84390486,1819
185,CXBCCC,92969731,1819
186,YatoroYu,95248834,1819
187,gua gua gua,91092202,1819
188,SaiG0D,84746846,1818
189,RobinGuk,92499328,1818
190,Anti-sunshine,94444104,1817
191,Faerch,92121387,1817
192,seriously antisocial,94296684,1816
193,Kunizial,94991389,1816
194,wedidntplaytestthis,88646608,1816
195,Window114,94851126,1816
196,duokagovos,95620582,1815
197,reztart,94863557,1815
198,PoPung,87244095,1815
199,Hisbe4948,89578751,1813
200,JASON_BOURNE11,94774033,1813
201,anzda,95145026,1813
202,3Dragons,95425150,1813
203,RavenDavy,92320931,1813
204,Lestava,94836154,1812
205,sh1nor1na,95623604,1812
206,Watcher7,95291370,1812
207,TS1989,95908670,1812
208,johnsonzhong,94698667,1811
209,GDYNB,95431885,1811
210,Viccccc12345,95787691,1811
211,jiaxiaoxu,84950270,1811
212,Burgos,85044413,1810
213,beepzop,88424815,1810
214,Malygos,84271702,1810
215,Hivaoa,84521096,1810
216,answerQAQ,95185410,1810
217,sixriver1,95086205,1809
218,LorraineRC,88707360,1809
219,huihui11150013,94474587,1809
220,stuug,89645503,1809
221,FAE44,92461793,1808
222,BraveDaddy,95250853,1808
223,Teh_Zealot,84017922,1808
224,Lint_an,94963604,1808
225,n2309,94913747,1808
226,mdi432,95877566,1808
227,Daniel Boneless,85771614,1807
228,angel2121,84850475,1807
229,yakku99,95727905,1807
230,Aggelito,95585274,1807
231,demyurge,84428955,1806
232,SilexSaxum,88730461,1806
233,alonemaster00,94208179,1806
234,Jeremypha11,92510638,1806
235,BGplayerGz,94445522,1805
236,Aaron Bartel,94531491,1805
237,Dashmjal,94688262,1804
238,yuri_ochibasi,84496980,1804
239,speedless liar,92324346,1804
240,LZL123456,93382615,1803
241,paperboi03,83847533,1803
242,yya927,95161897,1803
243,so king,94310784,1803
244,ZuzannaZuzia,94287678,1803
245,isenguard13,93310826,1802
246,beginner002,95222733,1802
247,Paumenn,93898902,1802
248,Keeefirchik,95310618,1802
249,Melo763,85354585,1801
250,Zeuthis,93171016,1801
251,papkotruAtec,88736783,1801
252,Monkeyunit,7261491,1801
253,kraquos,92847736,1801
254,taleboy,84800002,1801
255,Andrewsmile,86610938,1801
256,onedaytour,84640549,1801
257,rockstar18,95285472,1801
258,Albertzxc,93704722,1800
259,carl31,84930487,1800
260,Layla1219,95598118,1800
261,jenda,83837519,1799
262,randale_und_hurra,92600865,1799
263,PXuddard,86842974,1799
264,WJA1215,92144921,1799
265,Darkness-,91283753,1799
266,Wardener,95364900,1799
267,ZealoT27,95631007,1799
268,Rock_P,92912883,1798
269,OscarLeo,92948972,1798
270,wasabi3104,84312007,1797
271,Gloriousbui,86523041,1797
272,XDXD233,85172205,1797
273,Nopve,95048359,1796
274,LDDDDDD,94343654,1795
275,Philo121,86919062,1795
276,hurryhurryhuuurry,95259803,1795
277,p-tash,95301794,1794
278,heyeeee,94696425,1794
279,Vorima1,95186165,1794
280,tehimmortalking,94805538,1794
281,Cow 9505,93922871,1793
282,whutqiufeng,85267995,1793
283,skälding,94401618,1792
284,Jukut,91596966,1791
285,DunDun715,94540720,1791
286,zuoym,95116240,1791
287,taisun93,84708319,1789
288,vinnyvamp,33156436,1789
289,patrickwai,91266412,1789
290,wenj1997,91011798,1788
291,lapis lazuli777,94562459,1787
292,fumaye,93036351,1787
293,xingchilalala,94962294,1786
294,duckmammal,84017990,1786
295,stanley654321,84030537,1786
296,EastBird,92972802,1785
297,dannn,7054764,1785
298,Thomas Hougaard,89574035,1785
299,JoMiStXY,94365327,1785
300,aibi,95067277,1784
301,Abiath,95350940,1784
302,quairak,95754509,1784
303,Charoscu,95610043,1784
304,CZMonkey,85390748,1783
305,Fifty_grosz,85665517,1783
306,STHaus,94573431,1783
307,Fojtu,84521371,1783
308,sharonSS,95828792,1782
309,heris89647,96208633,1782
310,betacockroach,94901008,1782
311,Robin,83991513,1782
312,werfmark,46907093,1782
313,summermiao,90586915,1782
314,zhongyandelunwu,94250514,1782
315,Samarium_maid,90952256,1782
316,okayu0518,84272706,1782
317,extrazen,95137016,1781
318,Mingyy,92454950,1781
319,bytr,85322625,1781
320,randomronny974,92354598,1781
321,tamesizeya,4039870,1781
322,TheFlyingArcher,94531650,1780
323,DaZaiErXia,91315943,1780
324,Triplepigs,85410533,1780
325,GBLbeans,91121190,1780
326,Pascal444,84668160,1779
327,cultry,93245505,1779
328,flyingmuskrat,86237008,1779
329,pine288,84636791,1779
330,purinyama,86438593,1779
331,ar12312,93933987,1778
332,wyz123456,91005094,1778
333,roy163,94337877,1777
334,zjjzjj123,92395533,1777
335,mmooomm,94096374,1777
336,kriptovadasz,91098713,1777
337,Window56,94675560,1777
338,Nuraxxt1ao,95222006,1776
339,Oxazepam,89414228,1776
340,kimssk05,88340590,1776
341,GrimBadgesRock,95976518,1775
342,nArDooo,94524975,1774
343,kenchu1980,93517940,1774
344,Nikach,87877982,1774
345,ngtriant,88282419,1774
346,chauq,88988802,1774
347,nobody814,93561127,1774
348,Noarsark,96199999,1773
349,robeaf,88464580,1773
350,byoungju,85003907,1773
351,Joseph1198,85197151,1773
352,BlankHand,94707078,1773
353,lidamiao2,95082163,1772
354,hughieg1230,92970688,1772
355,DoRangss,95215132,1771
356,ChrisTao_0,94535476,1771
357,JoonPown,94391464,1771
358,Borden66,94604358,1771
359,Mim0sa42,92129342,1770
360,muramasa1207,96052284,1770
361,Illidanb,95477077,1770
362,wrk350,96192184,1769
363,Maro97,89005777,1769
364,cremx,84306292,1769
365,lzylees,94719273,1768
366,woowoo01,94077674,1768
367,filip1a,91966450,1768
368,Mariko2009,95769598,1768
369,Sir Fluffy,86344862,1767
370,Redbuster,95132749,1766
371,0407dxj,94583785,1765
372,Rust_,95777023,1765
373,problematiq,92545197,1765
374,thumbean,91304283,1765
375,derekhuo,94707613,1765
376,DingZhenZhenZhu,92910020,1765
377,arknovalol,96082922,1765
378,pjtseng,89987611,1764
379,Marssssssssss,94049866,1764
380,Kaite1028,94665533,1763
381,haodashen110,94338457,1763
382,test00153,94287370,1763
383,cjflash76,86513304,1762
384,dannypark95,94160790,1762
385,Dubbbb,95081305,1762
386,NinjaSheep0323,92757287,1761
387,AndrewF24,92931672,1761
388,MikuOnTheMetro,95721968,1761
389,Guillaumito,86441635,1760
390,Luna2007,91597602,1760
391,KalecgosK,91130553,1759
392,ronniezl123,94287444,1759
393,Dawn Whisper,93467783,1759
394,hiyqj,91314168,1757
395,ujhns,94037448,1757
396,kaldarr,85214664,1757
397,Steve N,2751776,1757
398,auznjx,85060521,1756
399,Igord Kanoots,88353096,1756
400,Latroiv,94701258,1756
401,g_glamdring,74313798,1756
402,gh1101,95458811,1755
403,magicfeng37,94290713,1755
404,matan,85243514,1754
405,46manjuu,95286106,1753
406,lululemon,85111985,1753
407,Andrethegiant,85582951,1753
408,mint10,88425608,1753
409,qiyana_,95370940,1752
410,Banana__Fish,95558196,1752
411,Mattzord,89625809,1752
412,margin,84635265,1752
413,ravenpeter,94532715,1751
414,1012k,90102316,1750
415,FalconPunch511,95069740,1750
416,JasperEK,95072269,1750
417,Dunkel30,94077968,1750
418,gugu764835421,94823201,1750
419,MasterMystery,66074417,1750
420,Nushasmall,94807131,1749
421,wangzx16126,92079326,1749
422,cocadong,94054833,1749
423,BraveLove,94433817,1749
424,irohabito,95457821,1749
425,Bossa_Nova,93119676,1747
426,wrdvdd,95429044,1747
427,dreamandpoet,93495842,1747
428,Przemo_,94827384,1747
429,withoutx,94342222,1747
430,djwdcb,95631239,1747
431,shagen,88490540,1746
432,yayapenny,83855029,1746
433,momoqwe,94482534,1746
434,Shoarzi,84075731,1746
435,Joe Orser,94983628,1746
436,yang654321,94938272,1746
437,boysClub,13757918,1746
438,eg92,84829589,1746
439,Tryycks,39562274,1745
440,Foodayzz,95139730,1745
441,dk_for_game,87743662,1745
442,mzsombor1,8434857,1745
443,Steinengruben,93431567,1745
444,Last Pride,94370035,1745
445,Mannhemer,88845638,1744
446,Julie_1104,94903120,1744
447,Daretofly,95421678,1744
448,kenlu,84306938,1744
449,zzw89,94376267,1743
450,Adkhi,95071482,1743
451,Harqalada,85652434,1742
452,Niclson,91396112,1742
453,Arknovaplayer,94618061,1742
454,Abeeeeeeeeeee,94100933,1742
455,Trombe,79455300,1741
456,moxoy11356,96186047,1741
457,BirkTheSoggy2,84819362,1741
458,hotaru78,92790884,1741
459,Tibex,85462738,1741
460,watermelon5730,96094578,1740
461,xzz_xiaoming,95074130,1740
462,ntjj3,94073311,1740
463,Lichen4anke,95676183,1740
464,AvaX,84958413,1740
465,JJuLL,94716893,1740
466,NgDrago,92156157,1739
467,psdfrog,94042355,1739
468,Qernie,87128662,1738
469,razriv4tel,93208468,1738
470,gege3,84981961,1737
471,chouman1986,87385179,1737
472,ResyreV,83896577,1737
473,486mao,94197720,1737
474,havertz29,91687347,1737
475,rpinheiro,89123043,1736
476,HansDieGewürzgurke,92672256,1736
477,silentcj,83889975,1736
478,shkller,96069408,1736
479,pkding,95458786,1735
480,Louis505,95357036,1735
481,jezzzzzz,88671266,1735
482,milo324,93328793,1735
483,Snievan,92011998,1735
484,mattb22,94492882,1734
485,Cadrach,83830122,1734
486,show maaker,95192255,1734
487,irtranquil,30576691,1734
488,Nicolas21,84311582,1733
489,Tebal,88880642,1733
490,Andydoorc,94492682,1733
491,SickMaster,94340123,1733
492,none404,95722729,1732
493,jdwaterman91,94295227,1732
494,Azeem_meng,96023128,1732
495,lanchikiss,23377061,1732
496,Hidolala,94976168,1732
497,hiyapal23,96079797,1732
498,AnselmJia,85214842,1732
499,DexterXX,94428512,1732
500,Qilian mountain,94556931,1731
501,mty620,96109067,1731
502,sergiyko16,94724540,1730
503,VanCity,84584019,1730
504,Charley McToasty,88293170,1730
505,szddg,95203686,1730
506,josephc00312,85134662,1730
507,forist,93536913,1729
508,Fireofheaven,89347135,1729
509,xiaoyilou,95010859,1729
510,lanoue01,94115147,1729
511,YouYu_Ye,92683390,1729
512,allredx3,91238686,1729
513,wangzhiboyishe,90949415,1729
514,hustspy,89421460,1728
515,box722,93473761,1728
516,Employee_427,94319519,1728
517,orangehix,92902334,1728
518,Quest_Hzp,95235820,1728
519,D 4,96185647,1727
520,zerel21,91441444,1727
521,nirwan,86011752,1727
522,085ned,68380324,1727
523,jaclown,93163272,1727
524,sheep420427,93897617,1726
525,waytim777,96209488,1726
526,Bin1010,92157988,1726
527,d0c15,88715524,1726
528,pride213,93688565,1726
529,Montu,83829111,1725
530,jinkser333,86922317,1725
531,cqapp,91097392,1725
532,Sasheme,94937683,1724
533,cloney,92716157,1724
534,Nafry,94994113,1724
535,BHYO,96049356,1724
536,ryou-chan,93320528,1723
537,Linken4438,95899591,1723
538,YoungJae,85231119,1723
539,jimmygoodman,94562096,1723
540,mikechike,85159195,1723
541,Rose_zzzZZZ,95175131,1723
542,LastActionNerd,31359439,1723
543,Marcaux,96028523,1722
544,sbk006,86580306,1722
545,le_asmo,91930865,1722
546,Flipper007,94483287,1722
547,kaikulimu,94825660,1722
548,zqgpj,93854435,1722
549,mdimosk,94768668,1722
550,anonaddict,91267239,1721
551,vasynyt banaani,84390251,1721
552,Weeeeeeeeeeeeeeeeeee,90569658,1721
553,NeverSaidAWord,94122943,1720
554,Christ Surprised,96227549,1720
555,Carolyn4,94444118,1720
556,Fabricez1,96186042,1720
557,sweet_pirogok,95418883,1720
558,Linkangel,92438556,1719
559,waytim,68923869,1719
560,perrylin,95602651,1719
561,Utopia1315,95726257,1718
562,EE127,95812205,1718
563,howwow90,85948758,1718
564,Melkyrios,94242584,1718
565,Chi74,96041353,1718
566,Blastobeer,84604161,1718
567,Day106,95548746,1718
568,SzyBek,95583069,1718
569,BBGL,93879133,1718
570,crv500,95995168,1718
571,Agentus,60242560,1717
572,ml514,93253317,1717
573,slamsk,3314436,1717
574,StArvid,84569546,1717
575,TomdevBE,92134536,1717
576,czh530,93294753,1717
577,Maspital,94432635,1717
578,arane2202,84312426,1717
579,sboong,91606633,1717
580,Grahamtasia,87821022,1716
581,Kaijisama,85401065,1716
582,Doma12345,88729410,1716
583,huangmincheng,95418892,1716
584,wudiligoudan,92622130,1716
585,NickyLarson,84879830,1715
586,BearsAndEagles,96072128,1715
587,Holyland,86760336,1715
588,Pengroove,95335122,1715
589,buldozer,85270584,1715
590,ENISI23,85239763,1715
591,zakoko,91786129,1715
592,metro,19426953,1715
593,heyugetoffamyshoe,95557391,1714
594,Tacos et Nachos,95347854,1714
595,zz1230020,94892264,1714
596,thoams,84173338,1714
597,Typicalduck,89723923,1714
598,ericsabee,83873230,1714
599,Shin Ramyeon,84849625,1714
600,Jacob0127,95429792,1714
601,Gyorgy,85127763,1714
602,gkf255,95683987,1713
603,Frank66zhende66,95579839,1713
604,sjtuxiaowei,94429868,1713
605,Lampler,94331264,1713
606,rashrordarou,95692531,1713
607,JoeÜbergang,86370496,1713
608,Gochitaro,94294777,1712
609,LittleCatto,92907730,1712
610,smz1999,95970291,1712
611,financial,93928005,1712
612,peterhaw,94795978,1711
613,MolybdenumX,93469671,1711
614,fuyc,94109191,1711
615,NIMEONG,94780351,1711
616,K-Pistol,86138975,1711
617,Roflorz,94171310,1711
618,victor38085,47307787,1711
619,--blink--,94405559,1711
620,realitybytes52,87191062,1711
621,ehzl,91173009,1710
622,yucky-nante,90047894,1710
623,XZXX,85860036,1709
624,King_F_,94960097,1709
625,Byggemandbob,94989249,1709
626,EnGoGubbe,95490149,1709
627,Gummi1013,88667959,1709
628,rune_2002,84575319,1709
629,MirkoKatanic,86225342,1709
630,spider-ham,94582564,1709
631,pf1219,93912769,1708
632,tocomasz,84859753,1708
633,lipu_ding,94407840,1708
634,deman13,92420655,1708
635,joldfield1000,95032615,1708
636,wufengyuluo,93284227,1708
637,Nuurek,94888837,1708
638,erictime,91690518,1708
639,wang857,87927050,1707
640,pepealas,94382995,1707
641,Fif23,89389146,1707
642,FlowwYote,94296840,1707
643,warandhope,92330876,1707
644,aakash,83846818,1707
645,bobao,95094944,1707
646,feitianyuf,91661694,1707
647,Augustail,85268038,1706
648,Dream_CACAO,93472544,1706
649,n4701b,93151729,1706
650,bboss10,95293409,1706
651,pimmerling,95800855,1706
652,Block1312,94020266,1706
653,stat5216,91828768,1706
654,Sheldbarn,85239067,1706
655,xushijiepupu,91961920,1705
656,gghub,83846305,1705
657,MrSuper,84223791,1705
658,secondash2,85425741,1705
659,Zwelgje0,89176935,1705
660,Jei5,85803374,1705
661,Yellow_ovo,88098443,1705
662,MasterHako,95150962,1705
663,real three wen fish,94912207,1705
664,Jevi07,94800632,1704
665,djl07,94445979,1704
666,Horst der II,89786431,1704
667,Evenkar,92853680,1704
668,FFFFranKiee,94587537,1704
669,Norems,94754647,1704
670,Jyyyyy321,95254959,1703
671,Kemme,92849567,1703
672,12qqwwooo123,93948583,1703
673,Nocoodolf,95680752,1703
674,gold-monkey,94609195,1703
675,COOList,85288480,1703
676,Pursuit of Truth,95626222,1702
677,T_Rex,41714449,1702
678,TheCT,90981590,1702
679,Shelter9527,91224035,1702
680,xzh233333,90804294,1702
681,VictorN,11251958,1702
682,Quentino0,95709123,1702
683,Hitman 47,95535212,1702
684,Arbitr2,6970906,1702
685,hbid123,94688112,1702
686,JohnnyWin,94847523,1701
687,Lumin_S,84909925,1701
688,ka-ma,39730052,1701
689,2021ivan,89916269,1701
690,zenkyleD,84321999,1701
691,donggone,92615273,1701
692,qiangbinbin,94449287,1700
693,surssy,96099564,1700
694,Narcocat,38363561,1700
695,theblender101,94833250,1700
696,SuperCtrl_vMan,96037132,1700
697,F3nRir3,95216857,1700
698,lmyqwq,95126309,1700
699,Microsoft_,96167350,1700
700,senseishen,95549834,1699
701,Manud73,91454232,1699
702,Tommy Liu,94518783,1699
703,Paraplegic Otter,88638129,1699
704,citytimes,95544494,1699
705,Zeranox,81539925,1699
706,determinants,95737686,1699
707,Whykecoakfly2,95927087,1699
708,earth catapuly,93946291,1699
709,spitfireharry,17145465,1698
710,HellaciousFlame,94975385,1697
711,fantyz,92922795,1697
712,Cocoglory,90760851,1697
713,Cassetta,92362785,1697
714,squidwardhhh,94429629,1697
715,26th_element,91821818,1696
716,Bi6Wh4l3,95887182,1696
717,Nicorimo,85672585,1696
718,_Mango07,94907322,1696
719,choifah,94102744,1696
720,FFGGRM,85439539,1696
721,17yanhuo,95724470,1696
722,PierreLGL,94304672,1696
723,LeoDasBananenbrot,88015295,1696
724,Ragnarok1er,84654008,1695
725,stander,84599958,1695
726,Allen_K416,92004659,1695
727,Renedekart87,91697628,1695
728,ddubois,914385,1695
729,Fafaxazzi667,94870698,1695
730,dumhi,95168978,1695
731,kevinli0115,91239012,1694
732,one_more_try_plees,95887845,1694
733,Hashimoto__kanna,94069236,1694
734,your025,36603468,1693
735,Yorkman1672,84289404,1693
736,botsur,85186774,1693
737,Hikaru Tsuchikawa,90067288,1693
738,chaoji,28815332,1693
739,happy spam,95578755,1693
740,ahansen84,94487126,1692
741,uscbimmer,85596050,1692
742,Aiden1221,95695454,1692
743,yuq916,96013319,1692
744,moore,75874858,1691
745,Dagstaff,94134337,1691
746,Racer31,95018246,1691
747,Leslan,91715118,1691
748,talangloes,94379245,1691
749,scalpaf,16975607,1691
750,Oo042,94514126,1691
751,Ten-Level-S,91498040,1691
752,wdy1125,83988364,1691
753,scottvw,84430015,1690
754,MOLERO,86550451,1690
755,erikvoigt,86636563,1690
756,Taggerung14,91407136,1690
757,yxywzw7,95792027,1690
758,huanhuan527,91782168,1690
759,HyunGak,84906880,1689
760,kolorad,39622187,1689
761,tnikea,84069301,1688
762,Bitos10,93089401,1688
763,victoria24k,93534249,1688
764,Tanuu,90949399,1688
765,littlelate,94511118,1688
766,cyan0874,90639339,1688
767,shongz,88384924,1687
768,BGLoveChannel,92012173,1687
769,DawnWhisper,92383957,1687
770,facegood521,93486547,1687
771,mapleturk,89213147,1687
772,xCorey,94275041,1687
773,somans,94891168,1687
774,Azoken,83857881,1687
775,Jason Wang xu,92902236,1687
776,guatai321,94362339,1687
777,moguilangren,84170627,1687
778,byzwlizzie,95930364,1687
779,chenhenry003,95112378,1686
780,buckeyeguy15,95472782,1686
781,EconFan,92252298,1686
782,wildmask01,92674415,1686
783,lee20807,92078798,1686
784,XXXkidauniXXX,88062026,1686
785,HighwayGoGo,94565796,1686
786,tty520yy,93179161,1686
787,Sjaakster,94334128,1686
788,demian83,33342302,1685
789,Dallu,95646213,1685
790,sohan22,87852950,1685
791,aidagawa,93285640,1685
792,axi11111,95545665,1684
793,sinnyo,94566753,1684
794,jeejeeka,85832579,1684
795,MichuToJaChyba,88929743,1684
796,Treehead,95960156,1684
797,yves_lanuit,94761989,1684
798,prasanna16391,84937513,1684
799,aif982,95598684,1684
800,hiro17,84618025,1683
801,LXYR,96155907,1683
802,tjh23,94970791,1683
803,LDChen3112,94949724,1683
804,JinnyF,95661267,1683
805,Terz,85167658,1683
806,chenran,84315570,1683
807,Lovelessjkl,94286833,1682
808,Flashwolves,93982400,1682
809,Knight Zero,94949458,1682
810,vengeaxenon,87914167,1681
811,zeynne,89206928,1681
812,losingreallybadly,91881120,1681
813,Oeil-de-Nuit,83852468,1681
814,cgt633,95873051,1681
815,rashrordfy,95418952,1681
816,imllkxs,92541257,1680
817,uniccoorn,94453531,1680
818,Hank-Man,88260393,1680
819,tfphl,96002774,1680
820,Grummmmm,88896748,1680
821,DVDvDVD13579,92484270,1679
822,inotherwoods,94285928,1679
823,gmoneyt1me,94323200,1679
824,linglinghu5678,95582979,1679
825,kurohailo,94101510,1679
826,MaximilB,89900608,1679
827,FlyingDeep,83942832,1678
828,logiclover512,94078577,1678
829,Xlier,84192972,1678
830,re99,95380317,1678
831,RLackie,88547680,1678
832,ellinbule,94227006,1678
833,sashn,93483569,1678
834,khhz,94770571,1678
835,sirwilliam80,94739723,1678
836,Brucezhou,94530313,1678
837,oli35,72618899,1678
838,hohighb2004,94336256,1677
839,woisdk,95599849,1677
840,Artisary,95036182,1677
841,benzkungnarak,92614782,1677
842,dada623,83841975,1677
843,wuxuanwuyan,93308326,1677
844,cardshard,88843196,1677
845,déglinos,86711573,1676
846,Kryel,84473114,1676
847,treetop70,527954,1676
848,drmacwang,95175807,1676
849,Soulless Robot,95377405,1676
850,brixiang1,95939228,1676
851,GreenCheckRedX,91238851,1676
852,traine3g,95459839,1676
853,X_L,95925951,1676
854,RichardWest,94985359,1675
855,hiltonda,89467196,1675
856,rrosulek,94621639,1674
857,Awesimitus,24878560,1674
858,Kazuma,15499147,1674
859,bigfish_yyy,95684653,1674
860,makabaka214,95819749,1674
861,Alebaster,85270203,1673
862,bwalsh96,95067090,1673
863,torbuchnew,94103415,1673
864,bidds,84884103,1673
865,darkcloudv,94651942,1673
866,llxllx999,94184206,1673
867,tarako3234,93049359,1672
868,KiTCC,83839920,1672
869,HotLavaDeath,89560665,1672
870,YJinx,93013882,1672
871,pigfans,83823777,1672
872,AlainBardini,94275489,1672
873,DUNE111,94999323,1672
874,Zulda,84387079,1672
875,Sunshy123,94227398,1672
876,Board Game Guy 112,94683239,1672
877,Smart Winner,94607102,1671
878,Moriarty-,95608591,1671
879,MirkoMirkoMirko,88348816,1671
880,davymartin1,89858723,1671
881,megro,83846585,1670
882,rashrordxyz,95411756,1670
883,mattmatt0623,96078060,1670
884,cccs12345,84873327,1670
885,yuuri_riri,93887667,1670
886,Free Boardgames,96205833,1670
887,ToaoMT,85411690,1670
888,CustodioDan1,94490545,1670
889,Steammachine,85146292,1670
890,FortuneFox2002,95497358,1670
891,alunl,88393344,1670
892,cheans02,92780330,1670
893,LombardsBest,95048737,1670
894,Agatebeo,85223927,1669
895,NotATrueId,94378280,1669
896,alexw92,94813450,1669
897,BIackHawk,96182755,1669
898,MilfordCat,95157642,1669
899,RU4Tom,91217129,1669
900,peter-san,94509324,1669
901,waterfish,84073727,1669
902,channelish1,95553868,1669
903,Babbelbox,84885044,1669
904,93943846,95620055,1668
905,Dymension,84563034,1668
906,quaswhat,88440892,1668
907,Johnsoncccc,94634063,1668
908,iceiscold,92156616,1668
909,historist,85219775,1668
910,Pomonolo,94945987,1668
911,ovohnkbj,95888667,1668
912,-adrian-,87969348,1668
913,Mbkristiansen,95746209,1667
914,lxt2022,93019616,1667
915,Kitsune1983,34879605,1667
916,nauhil,84898076,1667
917,sulian,6300670,1667
918,LoonyNo7,94266999,1667
919,Cnqingmeng,96070456,1666
920,on_maway,85368013,1666
921,Kanggu,94866706,1666
922,Polar Bear EB,95257618,1666
923,fantasiagames,88243799,1666
924,Shartzy,94555960,1666
925,Turtledude3333,94157812,1666
926,sdsdsdssdafds,94585226,1666
927,rabbitgeorge,93492999,1665
928,Ferenderpt,91609912,1665
929,jodash,94328424,1665
930,mj256,95301670,1665
931,Borstimus,94889112,1665
932,jolteon_sun,95597255,1665
933,Crosses92,94792735,1665
934,Mokam112,88941313,1665
935,KathiH427,93223796,1665
936,Master_Yi123,95545257,1665
937,fp149,84186406,1665
938,chicken512,92493564,1664
939,Yideng,90042704,1664
940,Valscor,93980894,1664
941,shova280,94650382,1664
942,generaf,87151050,1664
943,Djemba_Djemba,94348756,1664
944,CIV0124,95442607,1664
945,bread_wq,92267113,1664
946,GrimJaws,96245793,1663
947,yauqisn2,95502244,1663
948,SaMatra,21764473,1663
949,LittleAlpaca,95926827,1663
950,robgeibel,96133931,1662
951,colour pen,95169545,1662
952,Spartan1337,94717645,1662
953,myfish,94720386,1662
954,jiaoz,94958162,1662
955,niegramjuzwtogowno,95806008,1662
956,chuansongzhiwu,93369103,1661
957,ksunfortyeight,85334935,1661
958,jppandas154,95165208,1661
959,ghostwolfbai,93189402,1661
960,Helbiii,90097742,1661
961,cloud_turtle,85226956,1661
962,Theerathatja,92624266,1661
963,Wolfstar50,95015569,1661
964,Knight of Aya,95849090,1661
965,dlddjdlddj,89751480,1660
966,clobonionio,94965202,1660
967,advevan,6462719,1660
968,rob10123,94320518,1660
969,liang1988,91014143,1660
970,maxdark,93311998,1660
971,bgz544,96161121,1660
972,a1346,84268992,1660
973,Glassye,95110576,1660
974,fennudemianbao,91394389,1660
975,AmaneZhou,92669820,1660
976,pkfsk,94944078,1660
977,ARK0321,95733960,1660
978,wangyuorz,94339611,1660
979,hyunwoo84,91035157,1659
980,magicmoose66,23545076,1659
981,gtq22222,96142047,1659
982,Fantasy_Official,93204385,1658
983,HeIIo,87659869,1658
984,lilykatze,85403406,1658
985,noble22333,92745726,1658
986,yieno,95285713,1658
987,huayanxing,95265028,1657
988,TempleLin,96103249,1657
989,amelia0109,94778067,1657
990,TTUBE,84923147,1657
991,wooliss,84974454,1657
992,Stuntovic,94763755,1656
993,magoplayer,94530210,1656
994,leaveawhisper,84377202,1656
995,qmq014,96033493,1656
996,Padrag,6931280,1655
997,Jacky He,94313073,1655
998,SpencerC,88552119,1655
999,Vigfus,84018978,1655
1000,Brutus330,94114889,1655
1001,kbrakke,91713048,1655
1002,xx210,95463606,1655
1003,HappyClam73,96071015,1654
1004,tgtbt09,94616898,1654
1005,take_GoGotea,93317435,1654
1006,Prosperus,86746051,1654
1007,Stellere,95496754,1654
1008,weiwei9,93611355,1654
1009,Bunnykept,94992539,1654
1010,Jalum,87821396,1653
1011,ChossonOPom,94724770,1653
1012,smoothduck15,84725614,1653
1013,Don Agave,95041782,1653
1014,avalon4649,87044224,1653
1015,boat7623,95326425,1653
1016,damonx2024,95858191,1652
1017,gamergirl1994,94572698,1652
1018,padrefinancia,91940735,1652
1019,w0mbl3,89144269,1652
1020,Robin_1997,95254787,1652
1021,nengbengbear,94534456,1652
1022,startrekchekov,84800535,1652
1023,jlobart,90190162,1652
1024,EL_STINK,95060631,1652
1025,djudjudeb,85032496,1651
1026,kramnworb,94755193,1651
1027,ReCooperative,92708622,1651
1028,MaRLoNPro,84132124,1651
1029,geodudeee,95153745,1651
1030,kourepai,88432851,1650
1031,Atari94,91219981,1650
1032,s0mewhere,95467623,1650
1033,skrohmagnon,85973376,1650
1034,bve720,95592754,1650
1035,Animator4532,94149760,1650
1036,mongolgeek,94579082,1650
1037,Mahjjima,34194283,1650
1038,RealLife_,85011364,1650
1039,lihaoz,86936959,1649
1040,zuke9,92395929,1649
1041,zhegebuhao0,94003933,1649
1042,GuusHJ,87897948,1649
1043,Soooft,91714441,1649
1044,CasualSunBear,96208269,1649
1045,Titims,94306281,1649
1046,OleBlund,94845915,1649
1047,lil froggy,85390472,1649
1048,xorsyst_uk,87850895,1649
1049,randomskp,94137598,1649
1050,pjjss,95405734,1649
1051,PromiseIAN,92440452,1648
1052,Lord Business,92850653,1648
1053,BenjaminXie,95105237,1648
1054,P4MPA,95380568,1648
1055,Tenuki23,87546399,1648
1056,angel125,86288648,1648
1057,ruru52,94778750,1647
1058,Dwx1998,90569188,1647
1059,FMFMR,90973854,1647
1060,demon Po Kong,94338839,1647
1061,Boondizzle,93147236,1647
1062,1chnup,84273528,1647
1063,claudia1140,94809040,1647
1064,zmf66,94837020,1647
1065,Dean2333,91483439,1647
1066,zitcob,85257822,1647
1067,Repka,85296250,1647
1068,lddbddam,94988802,1647
1069,ando-deluxe,86668381,1647
1070,MalcolmR,85139634,1647
1071,leiacats,93307784,1647
1072,ddfan83,91696571,1647
1073,Zodiac42,90843762,1647
1074,Redemptionfu,95573369,1646
1075,onoitsyou,95609093,1646
1076,Climb_er,94599254,1646
1077,earlytimes123,94389569,1646
1078,IronLung2013,92105584,1646
1079,Slevix,84636650,1646
1080,luminous48,92663924,1646
1081,dingga11,94068967,1646
1082,zoo_king,95793878,1646
1083,paidasu,94882194,1646
1084,danta01,89488447,1646
1085,havdalabills,90131528,1645
1086,sunedi,94950119,1645
1087,Stanislavus,94099958,1645
1088,Jams39,88241667,1645
1089,titinoo,90938628,1645
1090,shiq17,95893812,1645
1091,NobRaylor,94737605,1645
1092,darreljnz,84479654,1645
1093,Zeffirara,93007769,1645
1094,Sasha Lefevre,84227785,1645
1095,exivxiaohu,94928975,1645
1096,doasisaynotasido,94705731,1644
1097,stc12250715,84304883,1644
1098,Druen88,91111167,1644
1099,ningan,94256160,1644
1100,kmcgaire,84995812,1644
1101,Gabriel_Alister,3999186,1644
1102,Hektorynka,94356861,1644
1103,bcrensh,91410201,1644
1104,Tonny azreal,91382858,1644
1105,combocosmo,93614841,1644
1106,aowuaowu,95136908,1644
1107,yagamir15909,95655352,1644
1108,zyh88,95813314,1644
1109,jhzed,95191209,1643
1110,unp345,95854873,1643
1111,Vinznx,94869209,1643
1112,Grim Nova,92733736,1643
1113,esecan,94606198,1643
1114,lodkristof,94739995,1643
1115,Iaranator,91069574,1643
1116,Pixenix,67149013,1643
1117,cassetta2,96235473,1643
1118,mjkoskinen,94589424,1643
1119,checkyu,95093226,1643
1120,fangzx,95077626,1642
1121,reborn8787,95298213,1642
1122,panshijueqi,92152651,1642
1123,Carasama,95039054,1642
1124,ChrisShan,92579787,1642
1125,rsssr,94743751,1642
1126,zlu494,95833480,1642
1127,wilchucky,93613393,1641
1128,Confuc,92263568,1641
1129,erlkönigin,95349776,1641
1130,Salvo76,85863474,1641
1131,iranko,53665407,1641
1132,vincentlai123,26338358,1641
1133,on9on92024,95278542,1641
1134,manuoca,85560608,1641
1135,nateetan,89447525,1641
1136,MaestroValor,84521085,1641
1137,guanvv,93730184,1641
1138,Kaite0418,95451579,1641
1139,wingelf789,95667217,1641
1140,yauqisn,95500028,1640
1141,drouille,85513498,1640
1142,Ares111,27669001,1640
1143,Pomegranada,85245217,1640
1144,TablePHlipper,89332368,1640
1145,ComboBell,95154806,1640
1146,lamawurm,95860033,1640
1147,VenonYoung,91071482,1640
1148,kevin5208df129494073,90680370,1640
1149,QSCC,94764745,1640
1150,N3EE,95613539,1639
1151,halfon,94377713,1639
1152,Mr_Luddite,90432120,1639
1153,zzzz123439,95952744,1639
1154,Nitroustorm,85438799,1639
1155,Binhja,24708958,1639
1156,Sir Kling,90753694,1639
1157,redber001,95064085,1639
1158,DaIinar Kholin,94859826,1639
1159,kazui31,91573665,1639
1160,vft811,95812462,1639
1161,gamson,93199284,1639
1162,williyeah,92339039,1639
1163,Vivek E,85527864,1639
1164,Hoyi_i,92276277,1639
1165,kalkaoual,1591303,1638
1166,Hanzibal,86374828,1638
1167,Kings Rook,95202550,1638
1168,matsushima0923,89943284,1638
1169,Cheetos4in1,94233740,1638
1170,Mouf91,95574416,1638
1171,zixak,85591727,1638
1172,sky and sea,85403409,1638
1173,talentfrei92,95292889,1638
1174,G0Dhandz,95849532,1638
1175,jajozh,94955120,1637
1176,khoinm,91418243,1637
1177,ryanechternacht,86046658,1637
1178,Boborockt,94364013,1637
1179,Djuhan,95798015,1637
1180,Djalina,3987138,1637
1181,rockmanx2021,93551947,1637
1182,0000Milktea000,94569325,1637
1183,sssss333,87164491,1637
1184,xiaoshagua,89475342,1637
1185,Avgou,92538951,1637
1186,kongbaolong_gua,94761147,1637
1187,Leemzz,90596488,1637
1188,root1234512,92357005,1637
1189,Game x Fun,84813531,1637
1190,TrueMurfey,94973109,1637
1191,huolongguozi,94905725,1637
1192,peanut-mi,95654363,1636
1193,Aaberg87,94407141,1636
1194,coastline-go,94385799,1636
1195,Mondaycold,93198466,1636
1196,TreantC,96218417,1636
1197,esddse1,96046666,1636
1198,lilzuke,87981121,1636
1199,Shark Weak,87275248,1636
1200,King161,85369540,1636
1201,VideoVandal,7203702,1636
1202,BoomSHL,84939943,1636
1203,trippdup,95628579,1636
1204,taobai19,95586620,1636
1205,jingji007,94306177,1636
1206,davidteh93,85706927,1635
1207,GaoEy,84484843,1635
1208,weiweiC,85477744,1635
1209,Emil90,94854600,1635
1210,thuanphong,91163419,1635
1211,Incognitoh,87442869,1635
1212,OwOvOwO,89644128,1635
1213,5ym0n,88887201,1635
1214,Dictum Mortuum,8591319,1635
1215,13anKz,90782146,1635
1216,SKT1-baker,95863856,1635
1217,Friendship is magic,95505293,1634
1218,nuttynaja,94579690,1634
1219,akuai,94255226,1634
1220,super zzz,96070070,1634
1221,Mercury321,95333345,1634
1222,Notello,94377581,1634
1223,atx7541,27396869,1634
1224,remilstl,94587394,1634
1225,ericlpress,93194072,1634
1226,xafofo,85549276,1634
1227,begggah,95387138,1634
1228,rrk018,95877516,1634
1229,TarYax,85796802,1634
1230,eaking13,93401066,1633
1231,chuckerace,91227313,1633
1232,timilon,95490866,1633
1233,GenshinStart,94677195,1633
1234,StarAndLamp,91666960,1633
1235,Deemer,83844019,1633
1236,17-Tree,94952640,1633
1237,q416234q,95657360,1633
1238,rashrorddd,94974212,1633
1239,ybi894,95958812,1633
1240,PGortat,95138104,1633
1241,ybj0309,91903691,1632
1242,Irra_tional,94890312,1632
1243,IdislikeJD,96152152,1632
1244,Borstonnos,95889415,1632
1245,Joe Steele,94330942,1632
1246,Le spectre,31086688,1632
1247,freddyphan,91908214,1632
1248,jeanvahisseur,86622392,1631
1249,Frido90,90869498,1631
1250,harryconundrumkane,93225627,1631
1251,chun geer tai,94169485,1631
1252,JPGL Dirichlet,95598385,1631
1253,lion122333,95060888,1631
1254,Mr Katze,90182544,1631
1255,SaSe37,95678616,1631
1256,ButterflyIntheOven,92461868,1630
1257,gozik,89723120,1630
1258,polyjoerg,95101633,1630
1259,MoreDrinkWater,92574801,1630
1260,ryan_1243,93445494,1630
1261,KPTang,94760971,1630
1262,El_Hunk,90571252,1630
1263,solitude283,95276901,1630
1264,fengye555,95758486,1629
1265,Lopvo,94317909,1629
1266,Val9Seu,86683900,1629
1267,axel1602,94322952,1629
1268,AaronBE85,85499118,1629
1269,SheepKnight,95700044,1629
1270,joramvdv,91860649,1629
1271,sefeku,84654952,1629
1272,Winn81,84986097,1629
1273,morphith,95937837,1629
1274,pplskrutt,94624946,1628
1275,awesome,85265995,1628
1276,WYJ0529,93929499,1628
1277,OfficerKrispy,86874128,1628
1278,abekoonh,92388941,1628
1279,pate de lo,94901382,1628
1280,Ruyiju3002,95418608,1628
1281,Gary777,84444617,1627
1282,FélinAgneau,94344434,1627
1283,Leglessness,94549761,1627
1284,KousukeKun,86160271,1627
1285,dingdinggb123,95087912,1627
1286,MarkZ2023,94266667,1627
1287,last zealous jerk,93630648,1627
1288,ukii0811,95544589,1627
1289,baycpt,94595194,1627
1290,PYER_DE_KUBERTEN,93079691,1627
1291,sirivanhoe2,85395924,1627
1292,Awatson277,92973435,1627
1293,samioun,10611580,1627
1294,LarsAmker,84844160,1627
1295,Radiall,91401556,1627
1296,xuanerfeng,93889019,1627
1297,klosear,93723048,1627
1298,Mephisto miku,94656186,1627
1299,fourtree,94188921,1626
1300,InFistLee,88691014,1626
1301,verylargephatboy,95306456,1626
1302,Erfthegreat,88187538,1626
1303,wgx_spirit,94376831,1626
1304,Phulla,35959401,1626
1305,ImperialStout,84339872,1626
1306,poiuytrewqaz,95247509,1626
1307,Chimajmaj,94268048,1626
1308,Hesriana,93111383,1626
1309,AirForceYuri,95095576,1626
1310,Yuwanghaiyang,94617853,1626
1311,Fanta1999,83983702,1625
1312,wanpiqiu123,91549857,1625
1313,EnoraM,87571757,1625
1314,bisschen Urlaub,94555158,1625
1315,Krazmov,91725018,1625
1316,Ztude,92820945,1625
1317,Pratalaka,92513457,1625
1318,yllatys,23036752,1625
1319,YJ2233,94662666,1625
1320,Landdropper,85073968,1625
1321,Baboude,91196162,1625
1322,dementiaforgot,95863139,1625
1323,Moonant,95482427,1624
1324,hdp123,94457585,1624
1325,CasualAddict,85211347,1624
1326,Yaguito,85509813,1624
1327,patio-d,94323208,1624
1328,SlothInSpace,90937482,1624
1329,viitac,94921881,1624
1330,fanrenkewei,94444951,1624
1331,ethanisbest,95036393,1624
1332,Exocet7,95509723,1623
1333,Cdmr3,95693186,1623
1334,piomoc,94819504,1623
1335,Rysiuvg,85715505,1623
1336,dangerock,38770469,1623
1337,SailF,95663775,1623
1338,bluestar,7048442,1623
1339,TeIorast,92387081,1623
1340,vinck1337,96072843,1623
1341,Gerardguibe,12402500,1623
1342,youl07,93273383,1623
1343,LudiFred44,85649701,1623
1344,Tarrs,94786622,1623
1345,HaskyFDU,90651844,1623
1346,HungriestWolf,95460974,1623
1347,nnnice,92216274,1623
1348,From Stardust,94907159,1622
1349,onitada,92192725,1622
1350,micng066,94659393,1622
1351,samli9527,93520615,1622
1352,228730501,36143968,1622
1353,Sandhunter,89581557,1622
1354,Knightmare11,84873611,1622
1355,revamaxx,85732442,1622
1356,I3raVo,92470954,1622
1357,zzcxx,84740791,1622
1358,Suntech,84875510,1622
1359,Bushbabyyyyy,95044793,1622
1360,TorbenYin,95251562,1622
1361,Kojtic,84015415,1621
1362,rakass,95298696,1621
1363,Shiny_Charizard,85747932,1621
1364,ShadowDragon92,95026422,1621
1365,faust3672,89014406,1621
1366,Kravchi,92799769,1621
1367,Nidd Pomme,91807261,1621
1368,hgs476,95904140,1621
1369,Iv0nTheTerrible,85485223,1620
1370,ArkLover,94358443,1620
1371,wanghorange,88377778,1620
1372,Fab1_hoert_ein_FU,94949735,1620
1373,carni33,881026,1620
1374,Pkoo,86619991,1620
1375,bih3754,95001359,1620
1376,WWFF,85064575,1620
1377,Hiérakonpolis,93685650,1619
1378,kebby g,84022164,1619
1379,Overgaard89,95636237,1619
1380,FergieJ,85528215,1619
1381,wfengz,95081602,1619
1382,blessedgaming,95471737,1619
1383,T Street,93256427,1619
1384,foxfor8,94101699,1619
1385,SEUNGBO,93563900,1619
1386,Hixsept,94285897,1618
1387,UJelly1,95473220,1618
1388,addekk1,85094901,1618
1389,houzi0209,84396877,1618
1390,selwyth,85072583,1618
1391,petrichor_bo,94493997,1618
1392,darona,86577421,1618
1393,skyview_dut,92111870,1618
1394,joshp0407,92707612,1618
1395,yiqiesuiyila,43502389,1618
1396,XinxinVictory,88718479,1618
1397,Osmosmo,89591328,1618
1398,crust6427,94460930,1618
1399,justlikett,84373025,1618
1400,loioiol,87477281,1618
1401,Pretpielman,95643655,1617
1402,Graham_1,92244814,1617
1403,chucktuna,94803611,1617
1404,kampfrabe,84700901,1617
1405,Nineten9,96144736,1617
1406,JohnnyBlazePL,91686520,1617
1407,Kagami1582,59915470,1617
1408,madsbertelsen,85897669,1617
1409,MrMB,84379094,1616
1410,didibo,84091160,1616
1411,fallbright,84967899,1616
1412,Shavenaar,94658720,1616
1413,Hatesnows,94191828,1616
1414,QKN,93387016,1616
1415,mafeiwo,95628261,1616
1416,Hefaistos,56035322,1616
1417,_LANSELOT_,94710156,1616
1418,UndercoverAgent,95223667,1616
1419,zooTroop,94651522,1616
1420,FilBxl,94281244,1615
1421,zuiaipaoJ,90903235,1615
1422,hoho3332,93906795,1615
1423,heissepost,87207940,1615
1424,maxx12345,96100135,1615
1425,Gunner116,90180026,1615
1426,einBär,94017529,1615
1427,Kzore007,91835363,1615
1428,Steroides,85614519,1615
1429,decimalpwo,91052908,1615
1430,lilris7410,89191257,1615
1431,Stormpp,96024723,1614
1432,vincents1994,92683795,1614
1433,Ferrie0129,96175429,1614
1434,lulululudi,95041138,1614
1435,Schnoopy111,90375110,1614
1436,dl0v0lb,94984984,1614
1437,treddeni,95047312,1614
1438,EsqSnowBird,89562364,1614
1439,Frogking81,93807724,1614
1440,DeusMartins,93717366,1614
1441,Jimmy330,90962373,1614
1442,shakers,93503297,1614
1443,Toxaton83,94291008,1614
1444,PercyJackson44,91667508,1614
1445,keketcl1111,94677826,1614
1446,Sremga,93114490,1614
1447,ao_hamamin,84933695,1614
1448,beij1ng,94172719,1614
1449,Sai Lan Vy,96008233,1613
1450,cplo42,95116606,1613
1451,laneledge,87394516,1613
1452,gabbah goolah,94944421,1613
1453,Seraphsan,92084087,1613
1454,Asund,94457734,1613
1455,Bamboosama,94599775,1613
1456,Moumpakias,91519040,1612
1457,BAmbooEW,95704267,1612
1458,lidamiao,94351981,1612
1459,Mysteryhunt,83861852,1612
1460,zombie0518,88763599,1612
1461,yuno_nazuna,95425398,1612
1462,confoot,95347736,1611
1463,belowzord,94542174,1611
1464,Mic_thu,95649831,1611
1465,Oleo Xu,94499762,1611
1466,SOAL11,94498134,1611
1467,JoengLee,90670553,1611
1468,cxxkxxm,91811048,1611
1469,Kulvinst,83824468,1610
1470,Changsty,95597238,1610
1471,lee902,93094884,1610
1472,du689419,95354057,1610
1473,Fan83,94684236,1610
1474,RalpHog,93633593,1610
1475,gemeine_Ente,95819158,1610
1476,qiy1,95849356,1610
1477,lzi006,96090984,1610
1478,mongsik25,94712252,1610
1479,joutava,85494881,1610
1480,duelmaster kmr,94367166,1610
1481,pgg1020,95215599,1610
1482,HarpAttack,83902038,1609
1483,ptitcon,94367558,1609
1484,rj645,93540622,1609
1485,Leech2023,94607409,1609
1486,zapdon,84212954,1609
1487,nikod511,94142590,1609
1488,JJJiaaa,95624438,1609
1489,Zherak,84875336,1608
1490,Kz-,85382133,1608
1491,gwg015,96120140,1608
1492,Xerxes17,85541763,1608
1493,ku0n0,92568046,1608
1494,kicoomi,4402136,1608
1495,Lord Chanter,85228695,1608
1496,SirDragos,96002757,1608
1497,jwsip,89334998,1608
1498,mort1337,95579823,1608
1499,Axilumy,95411146,1608
1500,Terrance,15860643,1608
1501,Lopiger,83959743,1608
1502,Ex_Swiftie,95501713,1608
1503,ffbb1118,94570915,1608
1504,BootyMFG,88621438,1607
1505,argally,85891459,1607
1506,genrand,6848270,1607
1507,Tomy_Young,95046007,1607
1508,Zordock,91407581,1607
1509,10086VS10000,92049084,1606
1510,Green hat King,92320969,1606
1511,sshearing,90567796,1606
1512,e-wise,95118347,1606
1513,AlphaCentauri2020,86731883,1606
1514,SmartLi,93447865,1606
1515,ACR85,86802162,1606
1516,alekk18,92741828,1606
1517,ddxy,91065353,1606
1518,OwOOvOOwO,94152678,1606
1519,ypx053,95854812,1606
1520,will121000,89749549,1606
1521,CrvenaFronta,94640210,1605
1522,huntsamuel,95093778,1605
1523,totootoooo,95103676,1605
1524,Bounette999,94686444,1605
1525,sd64,91017597,1605
1526,D4ngels,94372221,1605
1527,13anK,90672970,1605
1528,BS_,94623704,1605
1529,TheSVG,95962019,1605
1530,harriproedersen,85648149,1604
1531,Ausnahmezustand,93688987,1604
1532,Nabalt1,91986124,1604
1533,buwissey,91795384,1604
1534,ab960083,95103687,1604
1535,allredx2,94444918,1604
1536,surfer890c,95485490,1604
1537,gamerHe,95585350,1604
1538,zyxdragon3,89831943,1604
1539,escapellar,90567989,1604
1540,Birdie_onwire,85072637,1604
1541,Beammeup87,95056415,1604
1542,Mikabuto,90038771,1604
1543,boardgamecafeone,92352931,1603
1544,Il_Paninaro,85282119,1603
1545,IPAMSTER,91323142,1603
1546,Teacher_Li,95541553,1603
1547,UltiVulture,90176928,1603
1548,lunitide,94924600,1603
1549,ZYG_Wei,91585433,1603
1550,Kidy17,95510147,1602
1551,mas091,96120049,1602
1552,GloryFlory,93564736,1602
1553,Chadwicko,91973749,1602
1554,cach92,10999506,1602
1555,LordMapachito,94347520,1602
1556,victorioushermit,95438390,1601
1557,kcchan90,92725390,1601
1558,Jinyoyoyo,94680664,1601
1559,dajacra,73980203,1601
1560,PipoZito,88949238,1601
1561,KEVOHXY,94294894,1601
1562,jjbond,95442065,1601
1563,edwin-knol,94951466,1601
1564,keithxu,94946857,1601
1565,Try_,91243245,1601
1566,magikarp18,94187718,1601
1567,djdumbledore,95369484,1601
1568,0Flamingo0,95095246,1601
1569,asd123784,54722655,1600
1570,monkey0401,94082569,1600
1571,LogozGaming,94626601,1600
1572,Ryann,83844324,1600
1573,wallimaendu,92821020,1600
1574,diabloli,37382141,1600
1575,El Vino,95804358,1600
1576,jasusmannnn,90628722,1600
1577,KingoftheZoo,96072833,1600
1578,knetschgummi_,94907628,1600
1579,DayiUSTUN,87812272,1599
1580,lukes31,95996923,1599
1581,Nomoral,93126668,1599
1582,Lapomme25,95296684,1599
1583,morbak,84049995,1599
1584,twr421,90461919,1599
1585,Logos32,22602961,1599
1586,snyggis2003,86935093,1599
1587,Michael10001,95479267,1599
1588,NFS0818,94493720,1599
1589,ian_bg,94120237,1598
1590,lihuo,94310243,1598
1591,corninacan,84661118,1598
1592,NaOH23,92352711,1598
1593,RoyceLin,84152435,1598
1594,TurkeyTacos,92305503,1598
1595,Icybone,93209560,1598
1596,jiaye_booker123,95451808,1598
1597,MonteCr1sto,95892494,1598
1598,McFalkon,95486292,1598
1599,akakak116,95848127,1598
1600,aki5natsu,84736881,1598
1601,Bencoudon,95358559,1598
1602,Tyrelanas,84219840,1598
1603,bp84,95454415,1598
1604,bigtudou,95609713,1597
1605,Tsiac,95590347,1597
1606,Detumescence,95680323,1597
1607,ryjx,95867815,1597
1608,_serenade_,90651996,1597
1609,Maelov,83901423,1597
1610,IndexGreen,91561918,1597
1611,muna6741,87284343,1597
1612,jilebai,92316169,1597
1613,Eile-el-noc,86175816,1597
1614,endman1985,26479227,1596
1615,Nasher1976,84803594,1596
1616,zkfreedom,94408912,1596
1617,Zelva,85277887,1596
1618,Leafly,84349711,1596
1619,nohye68,85120095,1596
1620,Sir Bobs,90649070,1596
1621,Almire,84644424,1596
1622,finwe1880,88557101,1596
1623,ugs718,96109479,1596
1624,bobjoejuan,94036236,1596
1625,KOTOBUKI_TSUMUGI,95191324,1596
1626,Jarvis_lw,91738790,1596
1627,zhengyixianyu,95430601,1596
1628,knorpule3000,92483308,1595
1629,AHliangZZL,94915258,1595
1630,kof2076,95615296,1595
1631,D0ughnut,95560252,1595
1632,_Quentin_,85000136,1595
1633,Noudles,95900885,1595
1634,Gugguru,94601931,1595
1635,Ig3r,94280123,1595
1636,Teprok,85176326,1595
1637,GO289,84885422,1594
1638,Altherän,85750348,1594
1639,Kantian Duty,93317241,1594
1640,Accalmie,2384641,1594
1641,Pesen,93454650,1594
1642,djsidj,94111363,1594
1643,FightThePowah,88351909,1594
1644,RandomBadger,84614391,1594
1645,yamakeka,94184931,1594
1646,TheSingingFish18,95383723,1594
1647,TIANMIAO,95094430,1594
1648,sszhy0,83851955,1594
1649,jamaisyang,93096603,1594
1650,non-green,88522947,1594
1651,Hi Harvey,90947787,1594
1652,BakGwangHoon,93679971,1593
1653,bizarbus,95498202,1593
1654,bouvier,85808537,1593
1655,edgeseeker,92112220,1593
1656,lalozzz,88633504,1593
1657,idkwdya,83904075,1593
1658,Benapoleon,95131002,1593
1659,zabr,94975366,1593
1660,Quadparty,85899990,1593
1661,dddouyu110,95964232,1593
1662,Luzzzzo,88756540,1592
1663,Artello,92472100,1592
1664,Christian Hohmann,94357097,1592
1665,dsc311,17329922,1592
1666,tobyskov,92896423,1592
1667,limnir,94428624,1592
1668,-sho-,87220369,1592
1669,xianxinghai,92949419,1592
1670,arbisto,94478144,1592
1671,luizforlani,37124210,1592
1672,SchtroumpfJaune,91686575,1591
1673,Elvisca,92966835,1591
1674,ex_mikado,93277346,1591
1675,Lucretos,94494336,1591
1676,spewishan,95054884,1591
1677,Skurata,95562912,1590
1678,JasonBooy,88215726,1590
1679,Baz-Baz,94111646,1590
1680,bxx321,94875410,1590
1681,FKorsvik,94538001,1590
1682,Martin_Walter,94432789,1590
1683,Urb_Allycat,93062001,1589
1684,pangbo,94060600,1589
1685,Darby112,91340719,1589
1686,honghong92,84094828,1589
1687,hustGuan,88718520,1589
1688,Tschyros,86916269,1589
1689,KAPTENENROTFRUKTEN,95929714,1589
1690,playflowergun001,92364901,1589
1691,Aamupala,87583082,1588
1692,oskarsen,83936723,1588
1693,wmst,84564035,1588
1694,CirezPrydz,94901630,1588
1695,yuyu2424,93821681,1588
1696,bopoqod,93020486,1588
1697,WannesVyvey,95763496,1588
1698,gsd207,96113685,1588
1699,mklnxylb,94843584,1588
1700,Pumpds,84791061,1588
1701,SoEmpty,29133975,1588
1702,Harden0826,95293992,1587
1703,lululululucy,94501259,1587
1704,y3LL3r,84115271,1587
1705,EmmanuelKant,88783125,1587
1706,Happybunnylife,95568517,1587
1707,ForbiddenPlanet,95175535,1587
1708,IronEgggggg,91441127,1587
1709,Dm_c,96000548,1587
1710,Glenstryder,95252035,1587
1711,mattshaw98,95262892,1587
1712,Champ3,95061122,1587
1713,AtomizerF,95125499,1586
1714,Deluzionsdf62,95300419,1586
1715,angdavid,96091652,1586
1716,Paul F,84375276,1586
1717,tank0201,83905681,1586
1718,_Delly_,95790331,1586
1719,dididupe,95091937,1586
1720,genya157,84311148,1586
1721,Nntk,4767273,1586
1722,handsomemessleo,95167205,1586
1723,verenus,84439383,1586
1724,X3LLoS,95284072,1586
1725,Gate-Nalan,95226341,1586
1726,zoc033,95892889,1586
1727,bobbypao,85195743,1586
1728,hetsun,84455470,1585
1729,sinchan0706,95118953,1585
1730,HonyHy,95495036,1585
1731,onlyone04,94593544,1585
1732,FluffyBunnyT,94955933,1585
1733,Frost Polaris,95108866,1585
1734,ZYZ-Superman,94477475,1585
1735,Jedixc,85406411,1585
1736,Marcopopolo,94977892,1585
1737,stonewong,83989451,1585
1738,RolandoRonaldo,92102199,1585
1739,Mort21,89349822,1585
1740,Dongkey,85056009,1585
1741,Mahabufu,84918860,1584
1742,sheeo,91301439,1584
1743,Tigerfood,85366248,1584
1744,Naomi_P,94743815,1584
1745,legozu,92398683,1584
1746,mrcheekyman,93968754,1584
1747,LCerr,95887137,1584
1748,Cassis0,85033382,1584
1749,Worsh,84420719,1584
1750,TimMK_,95446503,1584
1751,sinkrad,89171366,1584
1752,lbean6,95678041,1583
1753,hhhharry,85403455,1583
1754,fthuning1,89079774,1583
1755,Viceroy,9491185,1583
1756,Timmaddams,85538687,1583
1757,qiumh2323,95145552,1583
1758,Crandor,94804802,1583
1759,ZiggiT93,92697891,1582
1760,joltmupp,32730067,1582
1761,Specialist0815,94652702,1582
1762,strategic_wolf,94974649,1582
1763,arknovaplayer3,96219314,1582
1764,siegerlewis,94160754,1582
1765,lujian520000,94308336,1582
1766,marlene2023,94846047,1582
1767,zendeno,94586822,1582
1768,ioboyzzz,95896067,1582
1769,xxdahlia,84058202,1582
1770,Renskes,87899841,1582
1771,zabergau,84033800,1582
1772,SwitchOCE,84748559,1582
1773,show0821kr,93860219,1581
1774,llm6b0di8l,95939266,1581
1775,BernardoMcLeod,87532838,1581
1776,jaoooo,94648103,1581
1777,Goodforus,94141078,1581
1778,MalyFarciarz,12490809,1581
1779,HertzF,85396029,1581
1780,RyanZBY,91739918,1581
1781,GoRanE2005,94304664,1581
1782,rin yu tao,93086752,1581
1783,Dreamory,95592693,1581
1784,lengjie1234,95320919,1581
1785,wjc553923154,84427811,1581
1786,MagicMaettes,88434413,1580
1787,DJ_Borj,95511538,1580
1788,ivan Argueta,88069483,1580
1789,sebinou,84297635,1580
1790,ver99,92301335,1580
1791,Karandras666,84013594,1580
1792,magina54,94338969,1579
1793,ptitminuit,84840919,1579
1794,Goldenmania,84346385,1579
1795,Choletais,96086532,1579
1796,Leoto42,91407359,1579
1797,TAndronicus4,94211572,1579
1798,PipingPlover,86306305,1579
1799,darki3,84793613,1579
1800,timecarter,92765205,1579
1801,mangomadman,94798731,1579
1802,banan,92489292,1579
1803,qianqian0,92230197,1579
1804,Nilosz,89263714,1579
1805,mmoonneerr,94789826,1579
1806,arknovaplayer2,96108332,1579
1807,tonysocc,95923690,1579
1808,Tommyjaijai,86557407,1579
1809,kongbaizi,95787042,1578
1810,GoshdarnBF,83825995,1578
1811,xsxd001,91407453,1578
1812,maxzli,94363011,1578
1813,flappypig777,95763258,1578
1814,showwow,92060039,1578
1815,ElMaggie,94875472,1578
1816,Tooncestdc,83853020,1578
1817,mightygerm,92682689,1578
1818,zhazhalong,95483919,1578
1819,David314,88480098,1578
1820,silentorca,94984854,1578
1821,EzalorX,95063524,1577
1822,Savke,87301732,1577
1823,mulqmook,85968997,1577
1824,woshishui1343,95738163,1577
1825,Spielemedaillon,95083894,1577
1826,dacktyl,95873472,1577
1827,B0llehenk,87437016,1577
1828,Bocho-the,95383207,1577
1829,DmitryS,85437529,1576
1830,eezzees,96074479,1576
1831,shinster,87423509,1576
1832,bgtrainer,95397753,1576
1833,MadLow,94762375,1576
1834,CHN2827,95693931,1576
1835,DogHoney-_-,92563698,1576
1836,nonkarion,95823938,1576
1837,SarahBearah92,85715952,1576
1838,Ljffy,94154090,1576
1839,motofer,94796359,1576
1840,Unicore_,95027993,1576
1841,wii-,87110996,1576
1842,dayfla,90753401,1575
1843,Shelly13,85258151,1575
1844,drsteelhammer,88837427,1575
1845,Narasputie,84877978,1575
1846,ppkillua,94331439,1575
1847,space-cowboy-ozz,93529787,1575
1848,crestfall,94703857,1575
1849,Petra_J,95236088,1575
1850,The Rocket,85148525,1575
1851,jergal98,91379040,1575
1852,hikaruerving,90935079,1575
1853,OX2024,95817554,1575
1854,gujuwan,89839273,1575
1855,LQcncc2023,95056800,1575
1856,Thejojojojoey,95394661,1575
1857,Rourouc,94843650,1574
1858,KC_blackhand,90094883,1574
1859,dadahao,91029806,1574
1860,LucidDaze,95033499,1574
1861,Bertrand_,85531270,1574
1862,MartinAdler,93294875,1574
1863,Sidouro,96200493,1573
1864,Boisblûche,87475813,1573
1865,ruz604,95863803,1573
1866,hansdampf,94808305,1573
1867,plzbepatient,95080857,1573
1868,Inxoteb,91160005,1573
1869,TylorYun,95296555,1573
1870,rand214,95044604,1573
1871,Kalonk,84066626,1573
1872,ISKU11,94432912,1572
1873,gugu114,85446105,1572
1874,Superjulo,92299024,1572
1875,libertarianTom,96187283,1572
1876,Kermit77,94580400,1572
1877,GallifreyFall,94401949,1572
1878,roanba,84331259,1572
1879,nnjc,94607246,1572
1880,yuanweilzy123,95817869,1572
1881,baha88,85497080,1572
1882,dinoTT,89068284,1572
1883,rustylampshade,92021349,1572
1884,ssrzxj,15618910,1572
1885,asiagrubas,84333449,1572
1886,a714370191,94439857,1572
1887,schmoogol,88612062,1571
1888,ahongna,92056349,1571
1889,PrestageHolmes,94489766,1571
1890,tronnemann,94609650,1571
1891,anw201018,90103115,1571
1892,RozzaW,88586901,1571
1893,BenjL,84292030,1571
1894,prajnamort,84380585,1571
1895,nightwalker04,94187793,1571
1896,Alvi234,92915118,1570
1897,Vivian8210,84799166,1570
1898,waten95211,96231523,1570
1899,EdgeEddgeAndEdgy,93465869,1570
1900,The Gamesman,93044454,1570
1901,PhoenixNigiri,95379870,1570
1902,Plodlagogin,93827158,1570
1903,Sakananananana,93926409,1570
1904,wang xiaochuan,91574792,1570
1905,YouShouldKnowMEEEEE,96190017,1570
1906,MartinDanson,84776454,1570
1907,zzzwell,85160166,1570
1908,Animalfriend,95604380,1570
1909,jyu202,95904046,1570
1910,TheStevieT,95302710,1569
1911,95467962,95467962,1569
1912,Membe,91314035,1569
1913,huangerkai,93109570,1569
1914,xunzixiao,95834734,1569
1915,Birogy,94828912,1569
1916,rlagmltjd,94490350,1568
1917,Ards,84885801,1568
1918,zz3291413,95295611,1568
1919,Ben4233,86764583,1568
1920,marge2,94989321,1568
1921,wbjs,93210243,1568
1922,toyong,89786033,1567
1923,Grey Lord,3913653,1567
1924,Feytor,19825170,1567
1925,Kardynalny,95279910,1567
1926,stormsguy,90981270,1567
1927,bitou33,92496593,1567
1928,jjjjjun,94956930,1567
1929,TheLegoPadawan,95341532,1567
1930,Apfie,93847168,1566
1931,Theo_Party,95114560,1566
1932,Player Gong,96048124,1566
1933,Tokuma081,95159434,1566
1934,D20Headshot,93940015,1566
1935,RazorVallo,85312487,1566
1936,darkorbit777,94137360,1566
1937,Oldchiiii,95006494,1566
1938,theunderdawg,95585921,1566
1939,Srotka,96086878,1566
1940,Gutgolf,94489661,1566
1941,Sidesp,94528608,1566
1942,gloueg,95885397,1566
1943,openended,94183343,1566
1944,jonaswang99,92344205,1566
1945,RicHunter,95051175,1565
1946,ezeeckiel,86537638,1565
1947,psobbfan,92669040,1565
1948,tflet,92157222,1565
1949,hooooli,85409218,1565
1950,1nselk1nd,94259270,1565
1951,silvermuse,85180626,1565
1952,socoldwood,94838994,1565
1953,orjp,35767654,1565
1954,Hadjahopp,88438601,1565
1955,type077,95598187,1565
1956,trm472,96033711,1565
1957,itskins,94095093,1564
1958,Casually921,85399731,1564
1959,Netopier,13536984,1564
1960,854544450,92706890,1564
1961,boardgamedude2,94420091,1564
1962,ZuiBu,96165082,1564
1963,LepiDoc,83989847,1564
1964,bertss,84030534,1564
1965,pedro0701,89142666,1563
1966,Robofrogg,84867017,1563
1967,Dolcekit,95291118,1563
1968,Maxtrigz,84557165,1563
1969,zhangyq1412,95174380,1563
1970,nfq686,95995190,1563
1971,ove842,95995236,1563
1972,Miku_01,94803292,1563
1973,QOKKI,89332331,1562
1974,poikai2,84837633,1562
1975,ZennyCy,84356128,1562
1976,lyyyyyu,89977038,1562
1977,tonioecto,95341941,1562
1978,segy992,95477346,1562
1979,wolverine_79,3341414,1561
1980,didoup,84160848,1561
1981,Quattro,84568159,1561
1982,azm0dan,93580836,1561
1983,OliBoardGamer,89365992,1561
1984,tatama02doi,95422657,1561
1985,moonmor_,94436719,1561
1986,Smoo,1066561,1561
1987,Laiaxan,87637873,1561
1988,cardkingneverlose,96125053,1561
1989,The Holy Mackerel,95529206,1560
1990,kers199010,95342151,1560
1991,bjarnimari,85579696,1560
1992,peeverson24,94533337,1560
1993,Dantedoo,94507351,1560
1994,tutuna,89344261,1560
1995,liverpool salah,95183439,1560
1996,czxsa,93517192,1560
1997,ohkub,94768339,1559
1998,Digidong,94343112,1559
1999,hamisherwood,94100840,1559
2000,schmidskatze,94584397,1559
2001,myyangshux,84514540,1559
2002,vae067,96109062,1559
2003,CEDARYAO,95681578,1559
2004,Fabricez,93746134,1559
2005,VolgaChaser,5061234,1559
2006,meme321456,95485010,1559
2007,Xoth2,92905462,1558
2008,sssyf,95609851,1558
2009,hydralisk_896,95119136,1558
2010,Yuanzhuzhe,95904966,1558
2011,Tetranix,91914498,1558
2012,weeshinji,94489487,1558
2013,zlxr001,92325601,1558
2014,MaLin1,86144720,1558
2015,Markus_12,90767965,1558
2016,playsg2,94130175,1558
2017,Flaem,84674840,1558
2018,HAV87,89798599,1558
2019,davidcnaoh,84282956,1557
2020,Martin_49,94077727,1557
2021,GeekGirlGrace,94565170,1557
2022,Zatara6022,84562342,1557
2023,Joker0429,94911326,1557
2024,Markele,96060960,1557
2025,shoumu001,95932449,1557
2026,sblili,84710175,1557
2027,Bmf,85071299,1557
2028,bluekite,84794959,1557
2029,aMoozing,96009687,1556
2030,Masschy,30189720,1556
2031,nyaru9,89248275,1556
2032,Akkare,94433168,1556
2033,wirnse1993,93900612,1556
2034,pddk1,93170253,1556
2035,boluoliang,95723290,1556
2036,hzb142,96109520,1556
2037,Lolgozer2,95449984,1556
2038,HppyFt,85834588,1556
2039,staurakios,94923152,1556
2040,Doomgate,94955294,1555
2041,Blacksunempireau,85415488,1555
2042,fhz886,95630523,1555
2043,MaxAlive,84465095,1555
2044,EinFuchs,85925206,1555
2045,TundarStonehead,95636136,1555
2046,linshouteng,95362084,1555
2047,Wylaryzel,84287320,1555
2048,Maharadza1008,94603801,1555
2049,rangerwick,94736014,1555
2050,astrotrudy,94369205,1555
2051,AceChang,92721569,1555
2052,hyunong0222,89410581,1555
2053,Dizzja,89938180,1554
2054,KeithHendricks,84886787,1554
2055,277777777777777,93309263,1554
2056,Krokmew,92113014,1554
2057,HoneyFist90,91137352,1554
2058,yugioh321,95114258,1554
2059,westcoastkevin,87442465,1554
2060,yoshikuru,86162000,1554
2061,gzlin7,92697604,1554
2062,JuriA340,94589697,1554
2063,Tipou,16892336,1554
2064,naurarice,89630325,1554
2065,Moosecreature,85906354,1554
2066,ZOODOK,85232006,1553
2067,ButlerKK,95761603,1553
2068,Smorkey_Sea,88222165,1553
2069,salemome,41160,1553
2070,Tobasco,88845814,1553
2071,BryanL,84903887,1553
2072,jsfc2012,95949122,1553
2073,bqu589,95892873,1553
2074,mahengdasb,94453764,1552
2075,boardgamesmue,93909596,1552
2076,aNuBiS_4,96040118,1552
2077,OzyOsterman,84319551,1552
2078,nerdindisguise2,95107700,1552
2079,Gobos,85520187,1552
2080,tackman,84637501,1552
2081,billbos,85094401,1552
2082,Juomari,96162391,1552
2083,Nurejj,93241221,1552
2084,Lapin ninja,83837956,1552
2085,DLK89,91956152,1552
2086,hunterb32,88344357,1551
2087,Re Federico,95184762,1551
2088,bginzz,87414139,1551
2089,weewu2000,94901617,1551
2090,k4tt,95088764,1551
2091,ohtyo,84239936,1551
2092,cavalent2,96085488,1550
2093,Raty8,85774283,1550
2094,haneul-so,84060632,1550
2095,Iksbawks,92203629,1550
2096,accarpenter,96036016,1550
2097,Nihihi,86441861,1549
2098,Guillaume276,94383922,1549
2099,YetiJust,85455513,1549
2100,Bigsharklee,95932169,1549
2101,JosephNearl,95370672,1549
2102,GutsFan,94575616,1549
2103,Kallevra,95420881,1549
2104,junior1154,88664277,1549
2105,Ell__,83968342,1549
2106,RalphC,89806327,1549
2107,Sobo8o,93060876,1549
2108,Prototyp,88393615,1549
2109,TheDoktar,91987211,1548
2110,amaama10,85207263,1548
2111,Sigmar Gabriel,95749984,1548
2112,Clank112,92184709,1548
2113,rorix,2953050,1548
2114,suzannap,84254243,1548
2115,wxdaxmh1314,75581608,1548
2116,krisk2l,94541756,1548
2117,KimJongNova,95643217,1548
2118,pahs-cat,94380029,1548
2119,teccedo,95878169,1548
2120,Nabukiyako,91582442,1548
2121,Bastien23,85560519,1547
2122,Flexxxvkl,94946767,1547
2123,w4r4myr,84976202,1547
2124,JontyMC,83845727,1547
2125,cocoblu,57735797,1547
2126,Moonstone999,95085604,1547
2127,shozre,95648702,1547
2128,Ohon,85202307,1547
2129,Kakwan,84015586,1547
2130,edobram,88181296,1547
2131,velveleh,95024088,1546
2132,randomness0,93505921,1546
2133,shutzy,92223791,1546
2134,enewcomer314,94596482,1546
2135,Lucas_J,91077663,1546
2136,HououinOrange,94354619,1546
2137,8laoban,96024091,1545
2138,tripledentgum,95247729,1545
2139,OlafderSchneemann23,95220969,1545
2140,nomatsu_0108,91944852,1545
2141,zhuganfei,86805725,1545
2142,arikoskylo,92541988,1545
2143,Valea1,85978484,1545
2144,paul2208,86727615,1545
2145,yue1213,67607094,1545
2146,nikos messis,21390258,1545
2147,mmanch,95299209,1545
2148,hunyady_vegyes,94664510,1545
2149,felkdav,94221286,1545
2150,motherpok1,95268934,1545
2151,fanqie404,94954961,1545
2152,gaia_project,95778677,1544
2153,bibifricotin28,93208357,1544
2154,HeavyKladdkaka,94947404,1544
2155,Ksenia,86212357,1544
2156,zralok_pardu,93166715,1544
2157,saibothh,86372861,1544
2158,Sobri75,94492114,1544
2159,MisterBrown82,90096663,1543
2160,Ironvictory,95484006,1543
2161,Lacii91,89285386,1543
2162,Liarrr,92316556,1543
2163,yurixvier,95406791,1542
2164,vto830,95522382,1542
2165,karnokrat,95456491,1542
2166,crazyfrenchy08,3891046,1542
2167,ibara,84020957,1542
2168,LuffyQWQ,96045908,1542
2169,HarleSOS,89634572,1542
2170,lordbrain,85030310,1542
2171,Sicario9527,92350084,1542
2172,smokingcn,94452805,1542
2173,ChorongFan,92839083,1542
2174,SYSXD,84197450,1541
2175,chumy626,84989209,1541
2176,shrodinger,85763315,1541
2177,Ruben T PT,94531187,1541
2178,Henrybearhenry,91891031,1540
2179,ThorgrimThunder,83907724,1540
2180,Bennea,84642847,1540
2181,Tothemoon05,94515425,1540
2182,beuff,95929475,1540
2183,hsady,90668598,1539
2184,mathtiger2005,95487093,1539
2185,wjc88,94922537,1539
2186,Lauta,92904261,1539
2187,Fulai,91484996,1539
2188,berre11,39132525,1539
2189,orangemc,94598397,1539
2190,BIG MOUNTAIN,95849113,1539
2191,SPZDestro,95147854,1538
2192,brendanm,12322052,1538
2193,focuscrazy,95451423,1538
2194,Schizofranz,85837660,1538
2195,tichog,93677215,1538
2196,Wicheros10,95770755,1538
2197,give me more time,95574166,1538
2198,potzertommy,426584,1538
2199,gu lu gu lu,91805870,1538
2200,JustinThyme1,85598023,1538
2201,Stephen_D,94060497,1538
2202,Angry_SSu,93750298,1537
2203,SoftChoco24,94525996,1537
2204,jpharrison13,94717909,1537
2205,IRAlukardo,91575223,1537
2206,atlduke,83840435,1537
2207,Kenneth S,88716591,1537
2208,elwirfo,85528330,1537
2209,duuda,87474512,1537
2210,Exignius,95834030,1537
2211,xichuuu,95891454,1536
2212,Flurken,92128016,1536
2213,DBZfan,3697844,1536
2214,cocoshot,89851583,1536
2215,BigGreenMelon,94472463,1536
2216,cyberdragon90,85994335,1536
2217,anticapitalist97,91600656,1535
2218,Ngokky,95845418,1535
2219,DDG1999,95879739,1535
2220,miniPENG,91228652,1535
2221,zomgfirestarter,95025880,1535
2222,chexmixes,91302888,1535
2223,molotovcow,94687222,1535
2224,David_Elias,95338896,1535
2225,Bucknut,84293537,1535
2226,StrayMandalorian,91916861,1534
2227,jknyc,89749375,1534
2228,Tii31,90662091,1534
2229,Krozzee,88148364,1534
2230,Krokofant,95690037,1534
2231,Jo Camer,85828883,1534
2232,noorder,92618673,1534
2233,ThomasOmata,90369024,1533
2234,MarionPaumier,95236698,1533
2235,Max_chan,94911601,1533
2236,CarSilverCow,95993341,1533
2237,mie00,95173300,1533
2238,voyagersilver,93940883,1533
2239,Duck3,84179718,1533
2240,Shira_In_Box,84833402,1532
2241,sjimo,91392182,1532
2242,gsfhz,95816966,1532
2243,mochal,95296762,1532
2244,n3d0r,2822418,1531
2245,Demonictutor,92161752,1531
2246,Zoo Manchu,95455618,1531
2247,shengbro,85753961,1531
2248,ponkicho,93709482,1531
2249,luxorthegamer,84037029,1531
2250,lv3curtiss,84335732,1531
2251,The Zhu,91766463,1531
2252,yy1688,95007369,1530
2253,Lux6556,95839725,1530
2254,camelid,94294082,1530
2255,dembaba_90,96126247,1530
2256,IQsamaI,94579720,1530
2257,kit0330,88536041,1530
2258,Dogtian0202,94806141,1530
2259,Pintuu,90098160,1530
2260,TopTierReindeer,88288744,1530
2261,Omelet79,87914743,1530
2262,Korean_kon,95587327,1529
2263,Eldritch Vic,85553038,1529
2264,zzzz1213,94125407,1529
2265,Asuet,93479963,1529
2266,Mamahelper,92203936,1529
2267,Subbak,91298192,1529
2268,park-wood,85926582,1529
2269,ch0b0imnida,92966391,1529
2270,R2D2Skip,94417376,1528
2271,Aglarel,1219528,1528
2272,Maxbot10,93924785,1528
2273,Drazzor,84016469,1528
2274,cysrabbit,90032150,1527
2275,danck,6520257,1527
2276,TitanUl,94424747,1527
2277,shladonkus,95548668,1527
2278,Anuna8,94603579,1527
2279,norsemanlee,84300841,1527
2280,tetsu2,94483630,1527
2281,deadpoolx01,90895955,1527
2282,zth985,95276441,1527
2283,Raedef,84725838,1527
2284,hardco,88198489,1527
2285,2018Trail Blazer,93241283,1526
2286,momo2951,95080725,1526
2287,J A Frederick,95056203,1526
2288,Yutena,95270640,1526
2289,saintrop,94334065,1526
2290,ellaweh,86702881,1526
2291,qy1213,94774339,1526
2292,iseetheshih,84429810,1526
2293,kaiminus2rue,94555839,1526
2294,Lauris7,94681950,1526
2295,Mateica12345,94908568,1525
2296,SharkNova85,93228324,1525
2297,usyu,88530691,1525
2298,Kenji_red,94640686,1525
2299,ElJefe81,95447587,1525
2300,tsaiclone,87218943,1525
2301,thetropicalboy,88800550,1524
2302,TheRoooster,94569275,1524
2303,Armax84,86226341,1524
2304,swilkiway,85421848,1524
2305,kplynch21,95543285,1524
2306,Simon_0ne,92542635,1524
2307,Matrim214,93014808,1524
2308,jacky9,84555599,1524
2309,xui874,95833462,1524
2310,Londrien,93603653,1523
2311,Mondfinsternis,94341947,1523
2312,jrhawk003,92989784,1523
2313,Nikita001,95417872,1522
2314,Weewa,92574695,1522
2315,cheeky35,84578471,1522
2316,ocollard,86867845,1522
2317,TOJE,95891217,1522
2318,Fizheuer,89199763,1522
2319,Knopf92,92910743,1522
2320,YYyyyyyx,94223352,1522
2321,MuJingji,96232022,1521
2322,necr0m4ncer,94280952,1521
2323,Shinian,95012422,1521
2324,so_nasty,85814779,1521
2325,adhocmenagerie,94476035,1521
2326,rororerorokun,91828747,1521
2327,Extracheez,93026876,1520
2328,thetiger08,94266888,1520
2329,dprise,95996437,1520
2330,Watorword,85023948,1520
2331,wojiushishen,95824065,1520
2332,Landgraf,83878392,1519
2333,Zero6125,92932465,1519
2334,HyppoDeLille,84799892,1519
2335,ofb655,95621784,1518
2336,MoooNtato,85707366,1518
2337,Vilibur,90723643,1518
2338,Long0103,92102371,1518
2339,FIDDLE332,93373568,1518
2340,Viscum coloratum,94536272,1518
2341,rnatong1,84367998,1518
2342,Mr_pmon,92080011,1518
2343,WillFrank,83866038,1518
2344,Traconis,89523908,1517
2345,Pete611,20228326,1517
2346,juraj_janosik,95017888,1517
2347,huang0264,95214232,1517
2348,popopker,95385999,1517
2349,CarcasSOB,94958539,1517
2350,shouqiang6,95719731,1516
2351,Bugwood,95081787,1516
2352,LukeCRW,94990161,1516
2353,dede17111,94571679,1516
2354,AlexShen,91061093,1516
2355,Yiuuk1,95907125,1516
2356,Gornal,83901621,1515
2357,flowing poison,93229253,1515
2358,smuikq,94667304,1515
2359,zalarg,29674631,1515
2360,zkuang,88527858,1515
2361,RoublardChenapan,85591979,1514
2362,vanpe,93970316,1514
2363,xct143,95592727,1514
2364,CbadGamers,94910865,1514
2365,MartoTom,84953013,1514
2366,Paulx1x1,90658502,1514
2367,gergosz,92726269,1514
2368,adx07,95535531,1513
2369,gusrudrla,94308294,1513
2370,Bettosgames,94583839,1513
2371,Benny_Balboa,84298460,1513
2372,nickismyname,10332355,1513
2373,AlvinShin,88457606,1513
2374,XiaoHaii,94445018,1512
2375,ChioneWinterfury,90593489,1512
2376,MartijnTervelde,95601503,1512
2377,bribribrie,96032319,1511
2378,akimory,95485657,1511
2379,Tallmadge,84093683,1511
2380,Dominionator92,86814225,1511
2381,Danglefeet,84252837,1511
2382,dundunsir,95467535,1511
2383,EuroCadJ,94220570,1511
2384,iamalexalex,95377051,1511
2385,DerFabimitderPflanze,91820467,1510
2386,laynewebb,88376997,1510
2387,squaretree,88578988,1510
2388,TTXW0710,95647901,1509
2389,hidezm,94156514,1509
2390,Settledowngamer,93136383,1509
2391,teddyPla,93696302,1509
2392,Sisheen,95435988,1509
2393,Lurvetull,92485451,1509
2394,Peti0820,91087398,1509
2395,VicVic1995,95673859,1509
2396,gfizdek,84581673,1508
2397,E-Gate,95579885,1508
2398,CAB73,95453499,1508
2399,Dugy,14512172,1508
2400,Hexmagic,94961151,1508
2401,babolas,84070507,1508
2402,Avipr,94429298,1507
2403,Fluidan,88947574,1507
2404,devcarlosandres,94799992,1507
2405,phil_stein,94365525,1507
2406,CptIgglo,85899982,1507
2407,Bluewind0102,94309896,1507
2408,Mimike96,94569607,1507
2409,Linksky,88034048,1507
2410,Sleipsnilen,94866358,1506
2411,chlrkdqpffl,93167864,1506
2412,Richos,86160221,1505
2413,kazumama01,91732438,1505
2414,a535641350,94359746,1505
2415,crystal7123857,95142166,1505
2416,PresidentXi,95638780,1505
2417,popblue84,95623869,1505
2418,JeanBerrard,93709660,1505
2419,AvaDDon,85779908,1505
2420,Aquilon,85060986,1504
2421,Andy the Nerdherder,87461689,1504
2422,kyshumaru,92864956,1503
2423,Erra21,94615805,1503
2424,takoyakikorokoro,93221979,1503
2425,Henning76,95829398,1503
2426,Callis,89663352,1503
2427,nirvvana,92982913,1503
2428,youno,84134364,1503
2429,Lyzol,95795173,1502
2430,Twouelv,94417748,1502
2431,luzzz_04,95812929,1502
2432,Hammer20,88104872,1502
2433,Zavanz,9772341,1502
2434,Donus,3044936,1501
2435,AnzeA,95690171,1501
2436,EmpLeviathan,93755876,1501
2437,abt_asiens,86182056,1501
2438,cranesflyhigh,95240579,1501
2439,Dress80,95118064,1501
2440,earthlindz,84202985,1501
2441,goodwin9999,96024890,1501
2442,hr9061160,83957911,1500
2443,FreeedPig,83870148,1500
2444,Gmaestro43,90363410,1500
2445,SeiyaKou304,84640474,1500
2446,Jecoluce,94865522,1500
2447,zyx1005,91120675,1500
2448,manu9610,87608994,1500
2449,Galnar,85915778,1499
2450,Aiden Long,95001781,1499
2451,smoogums,93208637,1499
2452,Immopp,84530029,1499
2453,helle,89011572,1499
2454,cheuklokcheng1990,89946723,1499
2455,jkingfhs05,94333137,1499
2456,Sand_Baby,83837261,1499
2457,Totoro275,92133547,1499
2458,DJ eater,85517151,1498
2459,iccyab,85307489,1498
2460,Esnarri,83997138,1498
2461,h8t0,86739911,1498
2462,rreubens,95429143,1498
2463,Fox of Summer,94429981,1498
2464,Listva,88066211,1498
2465,rRoooooc,91801048,1498
2466,storik,86981194,1498
2467,ChefMatt4,95951538,1497
2468,Huang_Boyi,88973523,1497
2469,MatChan7212,83959906,1497
2470,Vinho25,88437158,1497
2471,grodi,84428342,1497
2472,castercl,92112390,1497
2473,ELISASKL1,95054221,1496
2474,mOCHU035,85193609,1496
2475,RolandWithers,94929578,1496
2476,yz97,94020257,1496
2477,beikeqinshou,84486675,1496
2478,Goum,83882548,1496
2479,P_FTER,96154087,1495
2480,The Starling Show,84804338,1495
2481,YOU2024,95749384,1495
2482,ian3ters,94651959,1495
2483,francescoshi,95200528,1495
2484,MartinD,85846386,1494
2485,feedmm,93108057,1494
2486,pjzfcjm,84186722,1494
2487,Whykecoakfly,86901055,1494
2488,brendabai,94709259,1494
2489,kaibooooo,95175300,1494
2490,Pinholt,94466248,1494
2491,oldwhite,85345295,1494
2492,Wo0ter,94744249,1493
2493,dotmari,93259819,1493
2494,vlaprohor,96138576,1493
2495,macegreen86,87391337,1493
2496,WightDwarf,87247393,1493
2497,skzoe,91326158,1493
2498,bbbbbelief,95521179,1493
2499,burner,86663408,1492
2500,yubaeng,93688099,1492
2501,topdogfederation23,92076087,1492
2502,HikariMM,93727168,1492
2503,Matterx2,92744969,1492
2504,Chappo125,94606562,1492
2505,silkblossom,86825999,1492
2506,Maricha95,94313182,1491
2507,UnoIsTooHeavy,92974741,1491
2508,NolsBerserker,85110315,1491
2509,NFall424,94359807,1491
2510,conpota_03,85413539,1491
2511,zero657,95946856,1490
2512,Dandyy,84764834,1490
2513,Ilmaris,91071199,1490
2514,GiorgioZ,87762815,1490
2515,Rally0207,94475097,1490
2516,Avemo3,93489342,1490
2517,Dadyny,94183948,1490
2518,chrislimjiaan,84524876,1490
2519,MoesesBM,94506581,1489
2520,Freude25,88259342,1489
2521,Markiza_de_Korabasa,90109726,1489
2522,Dezaulniers,95462684,1489
2523,TonySun,92461027,1489
2524,Brangus,1456582,1489
2525,RAKHIM,84374657,1489
2526,zrd12345,91706328,1489
2527,Hijokwa06,95814581,1489
2528,puizeru,91412542,1488
2529,castelano_samp,93063380,1488
2530,Daole,93289415,1488
2531,k4r,44186487,1488
2532,Alex tao,95353147,1488
2533,TuggerNuts,94499511,1488
2534,nobody cn,53752969,1488
2535,Mountainwampus,87229821,1488
2536,Nauhea,95157655,1487
2537,MarsMonger,91734600,1487
2538,chickenallthetime,95295341,1487
2539,Bobber1993,85793383,1487
2540,Zannh,84306809,1487
2541,Nana7miXING,94400971,1486
2542,oatyn2,95486276,1486
2543,jbbrick55,93298788,1486
2544,colinchen,95792607,1486
2545,BitcoinerTom,96153527,1486
2546,vinck113,95231823,1486
2547,KHun71,90330735,1485
2548,yuanBaoBao1234,93227446,1485
2549,Pandevmonium,83844308,1485
2550,JI1991,95370279,1485
2551,Whitevp,85092625,1485
2552,Mouscat,91937222,1485
2553,Snafu58,93126527,1484
2554,Eru_W,84806384,1484
2555,ThraXisGR,92030563,1484
2556,colbamf,5658167,1484
2557,Tommy Edman,85203664,1484
2558,jcphoenix,91074475,1484
2559,idum,2430867,1484
2560,rikkiranger,91955175,1483
2561,Benjamin Hau,94591111,1483
2562,douganjin,95158777,1483
2563,Ginny Jin,95541045,1483
2564,yuguo3011,94458763,1483
2565,droubignouf,95528622,1483
2566,HobblesTummy,95309654,1482
2567,LBthinkverygan,96129645,1482
2568,manee135,94480877,1482
2569,DeasVail,83900097,1482
2570,zonas_liu,95274684,1482
2571,dongdong_1stzb,95170168,1482
2572,Miledy,85173910,1482
2573,jfbus,94841914,1481
2574,shinyonghyun,95582827,1481
2575,HydrargyrumDuke,91215768,1481
2576,ChangTeng,90609133,1481
2577,tengtengtengabc,95928188,1481
2578,Neramoor,85251103,1481
2579,Rumbleman,84400706,1481
2580,jbeaulieu646,94850460,1480
2581,sorrymaker 56,92919318,1480
2582,SherryJJ,95090957,1480
2583,buqiangtui,94561532,1480
2584,Gaborpapa,94676053,1479
2585,greerbrow,84794413,1479
2586,LawSilver,95723478,1479
2587,ckatjstndiddlsso,95540537,1478
2588,yellowkit,90647113,1478
2589,robinlone,95471249,1478
2590,HuskerDave,94195346,1478
2591,Quechua_95,92477808,1477
2592,legasteropode,86100915,1477
2593,b_vd_b,86567759,1477
2594,Coolfanjack,95035064,1477
2595,EdwardGao,92614203,1477
2596,ColonelBadger,85367259,1476
2597,jenofonte,95981978,1476
2598,vr___,84340454,1476
2599,Ideology,86917992,1475
2600,TheRockFan1,95866409,1475
2601,garfieldzfy,95212329,1475
2602,mickygame,94586823,1474
2603,Nicolas1221,95981192,1474
2604,reddream58,94023240,1474
2605,heehan,89682368,1473
2606,Moe100,91190326,1473
2607,oddandordinary,93162814,1473
2608,Pleonix_ua,90008577,1473
2609,czpt,93830476,1472
2610,mrfan,91222344,1472
2611,tomek85000,84947122,1472
2612,_-Loom-_,95985612,1472
2613,xfactor281,88693377,1472
2614,qsyyy,93489218,1471
2615,talentdeficit,94626374,1471
2616,NotDrJones,91513295,1471
2617,Kamil_Kv,88841688,1471
2618,BudDowdy,95133266,1471
2619,Poruchik,83888026,1470
2620,mount-lofty,91451153,1470
2621,Chielius,94202215,1470
2622,Yaspo90,95002720,1470
2623,gregory96,95529963,1470
2624,NARU_BEAR,94748235,1470
2625,SleazyJay,89411363,1470
2626,Xorazi,93987948,1470
2627,harut00,95821381,1470
2628,Benj_157,3182083,1470
2629,girlyrobot,95061572,1469
2630,junglezebra,94270607,1469
2631,X Turock X,92511378,1469
2632,RushNova,96137175,1469
2633,azerloong,91437283,1469
2634,0oZKingo0,94478355,1469
2635,EiskalterRegen90,95648915,1469
2636,Tavienne,84290904,1469
2637,ETR,94775621,1469
2638,Scrastolo,83906954,1468
2639,mrchin428,91295108,1468
2640,mr robot,85116180,1468
2641,Kick Ass513,92273869,1468
2642,Kchalot,85627083,1467
2643,Wargraith,95584545,1467
2644,Roobid,85429639,1467
2645,borobhoy,84391933,1467
2646,YAMASHIN,84391678,1467
2647,The_Adder,85925098,1467
2648,DACATKING,91808333,1466
2649,Keesislief,86465258,1466
2650,legendJN,95616157,1466
2651,nooks,87880290,1465
2652,BarneyRubals,86787244,1465
2653,MMTivadar,89767676,1465
2654,Porassu,92809159,1465
2655,albertotower,3791012,1465
2656,Rorec,94633744,1465
2657,quicklyslowly,85050457,1464
2658,jjeeeeeeett,95848775,1463
2659,Magrim42,93192716,1463
2660,renzhenyouxi,96219322,1463
2661,tonyjackpot,88896346,1463
2662,Yelenafree,94799447,1463
2663,WadeWattsGunter,84541215,1463
2664,skatekung,85179769,1463
2665,ARKnovaa,96054963,1462
2666,Tanchester,96126192,1462
2667,EFcity,94492426,1462
2668,104 LB,93803818,1462
2669,dong2000,95199255,1461
2670,aszi21,88103921,1461
2671,HAHAhy,90217564,1461
2672,Vesanius,95115330,1461
2673,silvettimick,1011843,1461
2674,Blc95,96028870,1460
2675,DuoDuoTeam,93197481,1460
2676,Elias Rosted,89715923,1460
2677,latique,84504924,1460
2678,JonnyBlazin5,86699215,1459
2679,lorelia,84630349,1459
2680,kid-Bengala,96154570,1459
2681,wmryyds,91271777,1459
2682,tamamajo,92210432,1459
2683,board3,93956455,1459
2684,Bochinnom,94972744,1459
2685,leesw520,85052211,1459
2686,Your _Name,96151227,1458
2687,BBuRingCheesebal,91180395,1458
2688,BitterLemonCurry,84551583,1458
2689,Zupa Arbuzowa,84931134,1458
2690,wuyyy49,96203643,1458
2691,barachnide,84040783,1458
2692,RivaIIs,95160327,1457
2693,Aristai,95065204,1457
2694,BestofSNU,92976064,1457
2695,Arthur Jeannot,85095229,1457
2696,philosophi,85596004,1457
2697,Andrew_AD,85782347,1457
2698,ljxngift,30612112,1457
2699,dannylux123,84549599,1456
2700,jovrjo,95714036,1456
2701,Eric Poulin,84546356,1456
2702,seunghoon,95030053,1456
2703,Nodding Man,95995786,1456
2704,Zichang,95429320,1455
2705,psippola,89716747,1455
2706,zuggzugg1,95931435,1455
2707,TheMikeD,95811456,1455
2708,Minaulta,95085986,1455
2709,MarioFacci,94510632,1455
2710,LeonReb,92853360,1454
2711,MrMaymay,94734537,1454
2712,papounet74,85394001,1454
2713,Firdorn,92714536,1454
2714,indorph,90064622,1454
2715,MarcondesBe,84972741,1454
2716,smugskull,38589596,1454
2717,TiManiak,94737372,1453
2718,sparrowchuchu,94228309,1453
2719,Zanis L,94715106,1453
2720,KarstenBB96,94081898,1453
2721,Thibautv,85983213,1452
2722,DavidBadalona,63441048,1452
2723,imaaaagine,96095928,1452
2724,M3uchl0r,93106912,1452
2725,nkxiangyi,91409049,1452
2726,Polavski,93117249,1451
2727,pmld,95582292,1451
2728,scooty11,95629348,1451
2729,muni017,93503932,1451
2730,lily0517,94346886,1451
2731,Huffle15,85597135,1451
2732,pekin1130,92644365,1451
2733,_bondetdf_,95066942,1451
2734,PontusQM,91997048,1450
2735,ltanitanil,94602797,1450
2736,xxxxxbfy,92824566,1449
2737,cccclll,95650170,1449
2738,M1aNM1aN,95546302,1449
2739,zavali_sd,92173778,1448
2740,RIMBarisax,84658544,1447
2741,rysiul86pl,95965521,1447
2742,baohcl,91378605,1446
2743,Boombastik36,95412633,1446
2744,Evilshoot,85996581,1446
2745,Hopehi,95162601,1446
2746,dsoulCA,91188760,1445
2747,frankg_212,94635069,1445
2748,Anchwatt,90491166,1445
2749,cuberner,86668551,1445
2750,RumHam Jabroni,89236624,1445
2751,karnak_,84022745,1445
2752,zattaraa,94901179,1444
2753,Mongoose01ca,85451811,1444
2754,inte,84278765,1444
2755,CmdrMeatsack,88620463,1444
2756,PersonaSY,93664150,1443
2757,dodojunk,94478133,1443
2758,VLgx99,94582349,1442
2759,Nurcio,89975372,1442
2760,Rei Midas,84702599,1442
2761,MarineKmdn,95564527,1442
2762,devilhunter123,94712712,1442
2763,kacangpanjang,88252041,1441
2764,Kikof2,90035741,1441
2765,Orange,1140293,1441
2766,AussieJosh,94425099,1441
2767,S_cat,85040596,1441
2768,QIAN YI XU,95019929,1440
2769,Humlajz,94734284,1439
2770,Temza7,94391883,1439
2771,Ringo Chan,93538336,1439
2772,Bokkel,85712345,1439
2773,lonico,84179267,1439
2774,Schnubb,94971322,1438
2775,Yitumaoxier,91000124,1438
2776,AlgebraistPoney,84721013,1437
2777,Lorindion,93340346,1437
2778,TomTom,85034857,1437
2779,Fonnnnd,96050896,1436
2780,foshowness,93585217,1436
2781,TaicangPengyuyan,92180304,1435
2782,peemoon123,92727162,1435
2783,Ch0co1ny,96052197,1435
2784,momi510,83955479,1434
2785,RJC9000,86871872,1433
2786,Vladimir A,84933900,1433
2787,GuardLlama,88788938,1433
2788,raminfakhar,84939214,1433
2789,Membochka,94073594,1432
2790,TheSetchinator,86213564,1432
2791,marvinbirnbaum,84761265,1432
2792,hushwo,96138126,1431
2793,DeadPunker,84076636,1431
2794,StarGate,33210087,1431
2795,DeAl3,85457181,1431
2796,Eggsocker888,94269676,1431
2797,schwadiboou,95103321,1431
2798,Gorisennin,93095738,1430
2799,x_V_x,84019391,1430
2800,CHKIM1,85605679,1429
2801,--Artos--,94765389,1429
2802,otokim,85131185,1429
2803,Cajun Viking,95415980,1429
2804,meld-otto,95862744,1428
2805,Zclzy,95000912,1428
2806,aHug2705,94402481,1428
2807,akensiro,85195804,1428
2808,TETSU88,92184852,1427
2809,Lj0123456789,95842234,1427
2810,carlkid13,35615584,1427
2811,2gucio2,18678356,1427
2812,zhengfusan,94489031,1427
2813,usapyon,84529961,1427
2814,HulkAG007,91121759,1426
2815,YjwZ,93124273,1426
2816,empalu,85372858,1426
2817,mehdijavani88,86511109,1426
2818,Gongsung,87308372,1425
2819,BondedoR,92833966,1425
2820,_Leviathan_,94683375,1425
2821,Pealk,95497854,1424
2822,TeacherMa,94486283,1423
2823,silence1988,94762759,1423
2824,gregparso,93699849,1423
2825,xxsilent_strike,95789672,1423
2826,MichiW89,95432695,1423
2827,Ystone8,94317061,1423
2828,Corradods,91984427,1423
2829,fayss38,93685321,1422
2830,Toscovitch,95723510,1422
2831,emzerg,95391854,1421
2832,TenorioChung,94437946,1421
2833,YASKING74,91215342,1421
2834,saibottsag,86439802,1421
2835,Arenas Ziluan,95900910,1420
2836,nicolympe,84541005,1420
2837,Baptiste Mft,86345550,1420
2838,sanellebasi,85823307,1419
2839,BlueSteel,35702251,1418
2840,Quetzalkev,83954895,1418
2841,lapsana,83898523,1418
2842,DutchDonJuan,86206103,1418
2843,zasaer,94684239,1418
2844,Optimist1980,85087083,1417
2845,pluto2493,95641826,1417
2846,midar76,90290349,1417
2847,domoture,84128936,1417
2848,Claude826,93699352,1417
2849,Nemerys_L,94950596,1417
2850,pm2595,85487593,1416
2851,Peathy,95390072,1415
2852,seiya161,94027106,1415
2853,acquire,94074193,1414
2854,ElGebez,87632222,1414
2855,DexyDexDexter,91513435,1413
2856,kimun12,94412298,1413
2857,nopeasaurus,88589605,1413
2858,DerPferdheisstHorst,84931354,1412
2859,johanki123,85036397,1412
2860,Barkake,96107421,1411
2861,Tatertoteatalot,95529184,1410
2862,hru150,95879720,1410
2863,pedrohbaraujo,83884559,1410
2864,Steven07,89008705,1410
2865,LukeHeinz57,88761597,1409
2866,sdmartinca,89973996,1409
2867,mabelode,83860204,1409
2868,Azrael Spear,84417497,1408
2869,JazzK83,94894271,1408
2870,BioMAN,83990746,1408
2871,KoronaSlimeFactory,92195331,1407
2872,LeonJoker,90672949,1407
2873,Haurore,88818185,1406
2874,RafuxBE,90143679,1406
2875,MottenJ,94573909,1406
2876,irbp123,93829911,1405
2877,Saunanissen,89622746,1405
2878,Direktorin,85326318,1405
2879,marineblu,88322952,1405
2880,pirlo1991,96028181,1405
2881,ozq884,95863809,1405
2882,elusivexo,3709778,1404
2883,boy1004im,94920514,1404
2884,Kalii,6075068,1404
2885,Skere Arie,96188502,1403
2886,debrupa,88535709,1403
2887,Iwoonaz,84106687,1403
2888,lin0811,95243865,1403
2889,Morgyn,95275475,1402
2890,Agatka120997,92836797,1402
2891,Obade,88542643,1402
2892,MoritzPapa,88386996,1402
2893,roastpork0701,94486655,1402
2894,ypypypp1,94944048,1401
2895,kanyipi,85698775,1400
2896,warieyemii,95939896,1400
2897,jacobhb,93332045,1400
2898,moncospad6,84682459,1399
2899,ginie,22399428,1399
2900,spotty90,95137867,1398
2901,leszczyk,84217677,1398
2902,dzhang1996,94427815,1398
2903,s redhat,83948108,1398
2904,StevoidNZ,85855652,1397
2905,Fully,13214358,1397
2906,macmillan1988,96156691,1397
2907,DonkeyBanger,94281596,1396
2908,nanwei,95491872,1395
2909,Shibarino,95334240,1395
2910,SometimesRaining,94957718,1395
2911,Biggus,94535960,1394
2912,ijt632,95863802,1394
2913,azcats2002,43599321,1393
2914,jinwandalaoh,95949796,1393
2915,polza711,88013203,1392
2916,kime2,83925192,1392
2917,marionblc,94299942,1392
2918,randiv,86037702,1392
2919,demki,95506745,1392
2920,zhushen66,96160038,1391
2921,fronzo90,83829792,1391
2922,Tr0ub4dor2701,91443994,1390
2923,r44v,84550284,1390
2924,Sealseal,85073848,1389
2925,Gabekk,84193646,1389
2926,DadoMaestro,94742804,1388
2927,mingzizi,86242075,1387
2928,LiuDaDaDa,95554855,1386
2929,darkraven5555,94594237,1386
2930,SerenaYHung,91646546,1384
2931,El_Misericordioso,94755399,1384
2932,calinc,92092788,1384
2933,bluelok,88858438,1383
2934,Nebo11,89984107,1382
2935,SpottyMax,95843556,1381
2936,mkw63,93765863,1381
2937,dlb,84083903,1380
2938,NCT Conqueror,93166864,1380
2939,alparey,94289013,1380
2940,Zingo007,85714387,1380
2941,RBVS,87560236,1379
2942,Benzawzaw,84750306,1377
2943,teodorinho,95077021,1377
2944,raver318,91970457,1376
2945,mellymaus,95179881,1375
2946,Big Pig Rick,93987677,1375
2947,KyleCoyle,89240078,1374
2948,xnu,85218294,1373
2949,Pa3k27,91402757,1373
2950,johnbyui,95552136,1373
2951,Aaren98,95079830,1373
2952,Mr TInkle,95359785,1373
2953,Dark Apprentice,95100655,1369
2954,DomePome,92576129,1368
2955,baihanl2,83867577,1368
2956,LalaWalker,91312421,1367
2957,Rakbis,93843666,1367
2958,Gailmarie55,86634394,1366
2959,Dries450,87567403,1365
2960,SpearsMartinTroy,94207052,1364
2961,krokantpudding,89206635,1362
2962,Barly20,94746016,1362
2963,vospeh,84823340,1362
2964,Unangbeses,94602151,1362
2965,darwinsafaris,84882614,1361
2966,Tangyihua,95620638,1360
2967,ralindel,20519639,1359
2968,lorikeet,92766273,1358
2969,adgeyDApagey,95085438,1357
2970,NevadaSmith,90952469,1356
2971,tak1027,84887372,1356
2972,QllQ,95047217,1355
2973,bobish33,2781842,1354
2974,malitris49,83920564,1354
2975,Boloche,84675702,1352
2976,brusses,90917793,1351
2977,vezir,84380377,1351
2978,rautisbebetsu,95826693,1351
2979,UR1CH8,91655358,1349
2980,mimmobabbo,95299355,1348
2981,xiaoyupapa,95812605,1346
2982,melpomenni,95326469,1345
2983,manuarch,95101623,1344
2984,Mudinhu,86590378,1344
2985,xXxMASTERBLASTERxXx,94380555,1344
2986,Dodokim,95419506,1344
2987,Guiguou,85759597,1342
2988,OMG_I_LOST,94694460,1342
2989,tak0108,92897959,1341
2990,nativearth,94623329,1340
2991,Flying_Monkey,94246891,1340
2992,blanala,94682800,1339
2993,echezeaux_noir,91578991,1339
2994,rudnip,94762381,1339
2995,WaRRioRi,93623723,1335
2996,Shhmanduh,88386282,1333
2997,ASAP828282,94538373,1332
2998,Yuno20220502,96222108,1330
2999,YouAreAKitty,84053554,1330
3000,reagancrew,95652340,1330
3001,Greensong,94506680,1328
3002,l_watermelon,85108772,1328
3003,tqy2101,95377504,1327
3004,luowei930410,96012773,1326
3005,fooinha,95101022,1325
3006,Tine1802,95115048,1323
3007,Maggnat,93726145,1321
3008,Mr Bojangles,89021456,1320
3009,shaw21,93905759,1319
3010,zappie87,83934592,1318
3011,jonahm,88176557,1309
3012,akeran,88263280,1309
3013,whereswald,90488952,1306
3014,MD8YS9,93065696,1305
3015,Prinxibo,92532128,1300
3016,Kiruaoru,86248092,1294
3017,Aly7863,94587435,1292
3018,ahda,88007746,1291
3019,waeitae,95607370,1288
3020,especial20,93651498,1282
3021,dragonfly007,95401617,1277
3022,Oktazooka,89131971,1273
3023,hadouguem,94655001,1272
3024,Disarli,91780249,1269
3025,9587,94790782,1241
3026,dotul,90956449,1221
3027,Gigi1976,95128326,1189