AD1NHO,hardtounderstand,,,,,
AKNovaYYDS,yzxcc,,,,,
BDWSSBB,Senrot,What How,adjective-animalnum,The Factory,,
biggetje,RealLife_,,,,,
BMOv1,Break5,,,,,
bing0924,wyz123456,NowSituationChanged,Bsyragb,CnPlayer,udr327,ButINoGiveup
boardgamedude2,deeezz,,,,,
Cat_Food,Iris_catf,,,,,
CXWFractalux,Betabowave,Gave Clock,,,,
DaZaiErXia,Sa-tou,NeighborPeterParker,XuXuXuXuXuXu,,,
DugongEnjoyer,DootGongEnjoyer,UnbanBirthingPod,,,,
Fool Klein,The cat fish,,,,,
heris89647,SnubEnjoyer,,,,,
JDansp,Brian Boitano,,,,,
lbyw3,Pengxiangoumian,ulq301,,,,
mmuye,3462565703,,,,,
MonkeyinAround,MonkeyinAround6_9,SimpleMuffin,HappyCapybara065,SmootheBrain,TheNightMonkey,
mshjs,noconstruction,PandaAtDawn,,,,
nehzumi,Boom Baboon,,,,,
nikonikosmile,nikoniiiii,,,,,
Paju_,Gillis Grafström,Hongryfox,,,,
Papa Emeritus V,tobiko11,,,,,
Philo12,Philo121,Level_Up,,,,
piggy slayer,wumian233,,,,,
Propaganda Panda,Guerilla Gorilla,Badass Wrasse,,,,
SakuraEcho,Braid46,,,,,
Snowyowl Tale,GushenTale,Sir Humphrey Appleby,GUQ,,,
The constant,New Zealand fur seal,,,,,
xKOSMICZNYMICHALx,Renoir Dessendre,kahunaeng,,,,
Yohan06,Baboude,,,,,
Zuzannatuba,ZuzannaZuzia,,,,,
